idx,relpath,class,sha1,conflict_group,excluded
0,collide_pump_and_vibration/IMG_20260524_101625.jpg,collide_pump_and_vibration,f440bd6055758d734a50144af89a8136adb20341,,False
1,collide_pump_and_vibration/IMG_20260524_101635.jpg,collide_pump_and_vibration,40779afa62b6919d661c63af805af5ce39cd38f5,,False
2,collide_pump_and_vibration/IMG_20260524_101645.jpg,collide_pump_and_vibration,cd580ac31c02df76c451624ef11c31c68ddc40c0,,False
3,collide_pump_and_vibration/IMG_20260524_101655.jpg,collide_pump_and_vibration,5c4df2cc20854775610bbad040562d4bb8ea0e2a,,False
4,collide_pump_and_vibration/IMG_20260524_101705.jpg,collide_pump_and_vibration,4690653e1b3ef87057e6c2beebb4f71a48d5fc43,,False
5,collide_pump_and_vibration/IMG_20260524_101725.jpg,collide_pump_and_vibration,eb49cd06f5b5b525dcb39d2903030192ae6c3bee,,False
6,collide_pump_and_vibration/IMG_20260524_101736.jpg,collide_pump_and_vibration,19b402c5d0405741233d18dc2e1e4e9bbab08a45,,False
7,collide_pump_and_vibration/Screenshot 2026-04-18 125532.png,collide_pump_and_vibration,d88cdd72acb04db9914c646b42ff773a4f0d8d2d,,False
8,collide_pump_and_vibration/Screenshot 2026-04-18 131648.png,collide_pump_and_vibration,c5699e942616dadef06cbc7ba9aac18cb2d6620a,,False
9,collide_pump_and_vibration/Screenshot 2026-04-18 132807.png,collide_pump_and_vibration,d48330bbbc390e8f7a29fd2b8e27fa354610094e,,False
10,collide_pump_and_vibration/Screenshot 2026-04-18 132919.png,collide_pump_and_vibration,051e9f6283de20b9c17e5ee106c6bfc6ab59ef7e,,False
11,collide_pump_and_vibration/Screenshot 2026-04-18 134030.png,collide_pump_and_vibration,5574361da689ae32560ba885fe0d9dada4a7d52a,,False
12,collide_pump_and_vibration/Screenshot 2026-04-18 135549.png,collide_pump_and_vibration,fa410a6557f307fa6b559727d34cd3d7a4f57bac,,False
13,collide_pump_and_vibration/Screenshot 2026-04-18 135637.png,collide_pump_and_vibration,73db1829199687a54ed5c77b1205b356c952db56,,False
14,collide_pump_and_vibration/Screenshot 2026-04-18 135648.png,collide_pump_and_vibration,647c86d49265f4d2156bf53a92708706b5585b21,,False
15,collide_pump_and_vibration/Screenshot 2026-04-18 135728.png,collide_pump_and_vibration,3950f02addfafb7b4ee40689c28c45e5bd1de00e,,False
16,collide_pump_and_vibration/Screenshot 2026-04-18 141226.png,collide_pump_and_vibration,bf6ca27ce33e1eb2bc4ca98a04f0d6a2aeeb910e,,False
17,collide_pump_and_vibration/Screenshot 2026-04-18 141252.png,collide_pump_and_vibration,84d5a225b847a6389d45e72274a3619df9e9ef6d,,False
18,collide_pump_and_vibration/Screenshot 2026-04-18 141340.png,collide_pump_and_vibration,5f8915538cc86aeb9a1ece13c6781d63f6240a02,,False
19,collide_pump_and_vibration/Screenshot 2026-04-18 142359.png,collide_pump_and_vibration,9ab915bdde3431b36b84b7fcfd6110d7651bc275,,False
20,collide_pump_and_vibration/Screenshot 2026-04-21 131431.png,collide_pump_and_vibration,3b9ae8832267e4c70f2ed880be37b73706cf617c,,False
21,collide_pump_and_vibration/Screenshot 2026-04-21 131521.png,collide_pump_and_vibration,e70a8510c68f2b01f34d572892adb7ecc371c0e8,,False
22,collide_pump_and_vibration/Screenshot 2026-04-21 131555.png,collide_pump_and_vibration,eaa34ad430cba8e513d0644a6d89a861c07769e2,,False
23,collide_pump_and_vibration/Screenshot 2026-04-21 131600.png,collide_pump_and_vibration,e172886afadd4db1dcf22b87565c9ad14f827f26,,False
24,collide_pump_and_vibration/Screenshot 2026-04-21 132307.png,collide_pump_and_vibration,4f82b29da93f7720d6daa74aafde1af062c65288,,False
25,collide_pump_and_vibration/Screenshot 2026-04-21 132317.png,collide_pump_and_vibration,72294a19f9eef955f2c174a0941cca4ce497fe64,,False
26,collide_pump_and_vibration/Screenshot 2026-04-21 132418.png,collide_pump_and_vibration,50aea0525e2eae645e322dd53368fcd973ce932c,,False
27,collide_pump_and_vibration/Screenshot 2026-04-23 115817.png,collide_pump_and_vibration,ccd5e4d188a1cd416d2225c19746e33e73060bba,,False
28,collide_pump_and_vibration/Screenshot 2026-04-23 115900.png,collide_pump_and_vibration,8cd050b8e8e40a8ac55536afbf74579a5a734901,,False
29,collide_pump_and_vibration/Screenshot 2026-04-24 143104.png,collide_pump_and_vibration,3d233e315afb628a024c5bc75d83ed35080d7b87,,False
30,collide_pump_and_vibration/Screenshot 2026-04-26 131254.png,collide_pump_and_vibration,7fde032eacd995cb7ba3294df89bc84947e13f05,,False
31,collide_pump_and_vibration/Screenshot 2026-04-26 131822.png,collide_pump_and_vibration,0d59b2d6bca751b986b740736e3aeb80e2fb6c26,,False
32,collide_pump_and_vibration/Screenshot 2026-05-01 090030.png,collide_pump_and_vibration,844d5e3023a86c8c40f6992fbfd5f1f2e5b23de5,,False
33,collide_pump_and_vibration/Screenshot 2026-05-01 090203.png,collide_pump_and_vibration,e75f15993d7a07dfc65b229c79423b8d5540f42c,,False
34,collide_pump_and_vibration/Screenshot 2026-05-01 090357.png,collide_pump_and_vibration,70baedaab9a01254b8862d75e479e82e5182ef27,,False
35,full_load_production/Screenshot 2026-04-18 123441.png,full_load_production,f3dca6b1e6fe6ce158f17077bffee25f4471995c,,False
36,full_load_production/Screenshot 2026-04-18 134155.png,full_load_production,734ec99595425ef27338d8f14e334aed243a4621,,False
37,full_load_production/Screenshot 2026-04-18 135714.png,full_load_production,1d2fcfdc11b3b848c3b414e8ec8c95f619739a5d,,False
38,full_load_production/Screenshot 2026-04-18 143252.png,full_load_production,f886ffa40a543e610c8f09fea181189ca424848f,,False
39,full_load_production/Screenshot 2026-04-18 143339.png,full_load_production,f4254d672f94032dc91171335a87f8d3ef3954c7,,False
40,full_load_production/Screenshot 2026-04-18 143350.png,full_load_production,5d02ac5247736a84dbff1ff61edb1751c0e72603,,False
41,full_load_production/Screenshot 2026-04-18 143404.png,full_load_production,559e9e9d8d7800b287ee179a94cdc770c8a63bef,,False
42,full_load_production/Screenshot 2026-04-18 143421.png,full_load_production,cfa6ede1c709780c21e8007192f37fb4338c17f4,,False
43,full_load_production/Screenshot 2026-04-18 143514.png,full_load_production,fd2fe451b5239d3e9d986196be732b08f1783ee7,,False
44,full_load_production/Screenshot 2026-04-18 143529.png,full_load_production,de7e498954dbf717cc1731035bcccd704f2e5649,,False
45,full_load_production/Screenshot 2026-04-18 143535.png,full_load_production,747199ee85ff0d1bebda5c33a5b1057828983ad2,,False
46,full_load_production/Screenshot 2026-04-18 143600.png,full_load_production,abc09f6a85f34824a56b06cff5f5c1adec95a7dc,,False
47,full_load_production/Screenshot 2026-04-18 144707.png,full_load_production,db7e87b4acc351e7864c2cd252f306ae671a13d3,,False
48,full_load_production/Screenshot 2026-04-19 115500.png,full_load_production,d522391a03d657e8fe16810dacc5128729b58004,,False
49,full_load_production/Screenshot 2026-04-19 115519.png,full_load_production,6f5dd4afce22321b0ab592f495eff61f12ec5017,,False
50,full_load_production/Screenshot 2026-04-19 115555.png,full_load_production,4573a67fd6f5df8f52428ecf96ceb965120aaeeb,,False
51,full_load_production/Screenshot 2026-04-19 122026.png,full_load_production,d1d34a56243149dd2108de3717e222a3556f8b9d,,False
52,full_load_production/Screenshot 2026-04-20 135125.png,full_load_production,8782688ce7cd0eed9d77a13357fabbc1902b6507,,False
53,full_load_production/Screenshot 2026-04-20 141615.png,full_load_production,7f6b5203e25fe6225d4cfd03d5c09c68b112fe1b,,False
54,full_load_production/Screenshot 2026-04-20 143047.png,full_load_production,b4be1d796198c626703610a2864b004f229f587c,,False
55,full_load_production/Screenshot 2026-04-21 123237.png,full_load_production,2df6ca64562a7659f6fb3caae3d2b482c04d2f71,,False
56,full_load_production/Screenshot 2026-04-21 125157.png,full_load_production,8c082f681d9b58869981d270e6f1f447c3d0fb4f,,False
57,full_load_production/Screenshot 2026-04-21 131442.png,full_load_production,9b0e9b4030b6e586f90dfa1e2c25c7e7bd0c1e63,,False
58,full_load_production/Screenshot 2026-04-22 154629.png,full_load_production,42ea3f7fd1eda1e6ed626127d8d12dedccae9ecf,,False
59,full_load_production/Screenshot 2026-04-22 154646.png,full_load_production,c8b5612d2e17e51fab9901bb4d6e85bcc67e8efb,,False
60,full_load_production/Screenshot 2026-04-23 122220.png,full_load_production,79cc5091ce1b0b11dc0a78100e7f2e6199d956d9,,False
61,full_load_production/Screenshot 2026-04-23 124245.png,full_load_production,b6062acf7fdf5f9986fda0492608d735e9b6b85c,,False
62,full_load_production/Screenshot 2026-04-24 143052.png,full_load_production,de32636522fc52848ec664b61536f015debed358,,False
63,full_load_production/Screenshot 2026-04-24 151943.png,full_load_production,cc029ebda8217c5946ed4151d625295b6b9595cd,,False
64,full_load_production/Screenshot 2026-04-24 152425.png,full_load_production,9dea713c591449329cdef42600afc0c8ff3ccd28,9dea713c591449329cdef42600afc0c8ff3ccd28,True
65,full_load_production/Screenshot 2026-04-24 152430.png,full_load_production,1a854304d264ef5d843c7dfa1aebd78902f421f5,,False
66,full_load_production/Screenshot 2026-04-26 125327.png,full_load_production,4bc047bb9fcdbb8b0dc88679ecfcb0ec114cbca1,,False
67,full_load_production/Screenshot 2026-04-26 125823.png,full_load_production,1df92a6207160e5e305bce628cb70c17754a4ef2,,False
68,full_load_production/Screenshot 2026-04-26 130402.png,full_load_production,6a3428b44a10072859759af8dfe57ab9a07ea669,,False
69,full_load_production/Screenshot 2026-04-26 131810.png,full_load_production,b71090a3b90f04e7888794846794074d82a9e05b,,False
70,full_load_production/Screenshot 2026-04-26 131834.png,full_load_production,ad9a6d1fd793c9362e832e24924117e3ea8ada71,,False
71,full_load_production/Screenshot 2026-04-26 131900.png,full_load_production,91098326db3bd989ae538d79d08fbc005a76b31c,,False
72,full_load_production/Screenshot 2026-04-27 094101.png,full_load_production,4e945df4a1086e42f8307334de19ff77e4336e0b,,False
73,full_load_production/Screenshot 2026-04-27 094143.png,full_load_production,4b8a4466816343a7aaa97ee6cabceb2bab5e413e,,False
74,full_load_production/Screenshot 2026-04-27 100100.png,full_load_production,a4d5576ceae6f25b4c02268a490aba1ecea3067f,,False
75,full_load_production/Screenshot 2026-04-27 100251.png,full_load_production,430d53de91348423a5b2d14850f39e81114f5629,,False
76,full_load_production/Screenshot 2026-04-27 100329.png,full_load_production,61e5000ad85d1e6f55bb357e1c849e58fe47578a,,False
77,full_load_production/Screenshot 2026-04-27 135122.png,full_load_production,33a0897a1f3a57e208889a79d0c3000f6bf5b2df,,False
78,full_load_production/Screenshot 2026-04-27 135209.png,full_load_production,a9e68b52a2b712bf1eed763daf3316c6d431dfa1,,False
79,full_load_production/Screenshot 2026-04-27 135253.png,full_load_production,0cfe71b13e53618c67db39501f293eb520828a50,,False
80,full_load_production/Screenshot 2026-04-27 135418.png,full_load_production,890c493cb0a3511c7dbbfd24443c99da0e815171,,False
81,full_load_production/Screenshot 2026-04-27 135936.png,full_load_production,ff955887e8a72c8cbd9fdd10ee50b92bee918c13,,False
82,full_load_production/Screenshot 2026-04-27 205033.png,full_load_production,05f0364b9fbeff196cb7fe01f0a616f548b99e09,,False
83,full_load_production/Screenshot 2026-04-27 205231.png,full_load_production,f39cd5ec0f0f7846ac03202e171c5f1e6fe61afd,,False
84,full_load_production/Screenshot 2026-05-01 090248.png,full_load_production,a0eb6c7ff6b6ff4e85ee870ff4e77e7b760c7725,,False
85,full_load_production/Screenshot 2026-05-01 090323.png,full_load_production,38f3cab5808ea6b499d1633d61ce4892789a0598,,False
86,full_load_production/Screenshot 2026-05-05 140639.png,full_load_production,176da3a3da95409daf1155677cf096a5262a52de,176da3a3da95409daf1155677cf096a5262a52de,True
87,gas_influence/Screenshot 2026-04-18 143200.png,gas_influence,01176a3690a6f664c37bf07282174abf1179b312,,False
88,gas_influence/Screenshot 2026-04-18 143212.png,gas_influence,d2836f3e8ed186036bce089ce84a4a4eea82ddb0,,False
89,gas_influence/Screenshot 2026-04-18 143237.png,gas_influence,eb6f6f0d4e3359af7dd08fcede29f0e18924beaf,,False
90,gas_influence/Screenshot 2026-04-18 143325.png,gas_influence,0968c3f7491a924df1ee6e32a53d7170d4a8f03c,,False
91,gas_influence/Screenshot 2026-04-19 122037.png,gas_influence,2f23ace021d47ed9a2356cefde138239e01cc5c5,,False
92,gas_influence/Screenshot 2026-04-19 122105.png,gas_influence,6d86d401060f8abc8806447a0c6f644b89e80776,,False
93,gas_influence/Screenshot 2026-04-19 123501.png,gas_influence,c4787cd3bd220dd8dd138ac4b9e813e3d402ae89,,False
94,gas_influence/Screenshot 2026-04-19 123508.png,gas_influence,45d7fefba54660174f7d736155d3878bc641e866,,False
95,gas_influence/Screenshot 2026-04-19 123657.png,gas_influence,c8edb76493908584e61ebb24f1f10802631f29be,,False
96,gas_influence/Screenshot 2026-04-19 123715.png,gas_influence,1bc0294037a7c0c8c41d74fda716a9507587f8f5,,False
97,gas_influence/Screenshot 2026-04-20 124524.png,gas_influence,d1ccdf010f5d34348b4be3f57aed65f388aa442d,,False
98,gas_influence/Screenshot 2026-04-20 124615.png,gas_influence,22a4022d7ed04c0deedabbe0e6e7daa0def751ce,,False
99,gas_influence/Screenshot 2026-04-20 124636.png,gas_influence,28df880cb7b645fe4353064baab236020e60a4d1,,False
100,gas_influence/Screenshot 2026-04-20 124813.png,gas_influence,f6b3a3dd38eaa8d463fc05004b40955d21946c19,,False
101,gas_influence/Screenshot 2026-04-20 124827.png,gas_influence,c26a2fa2e40912654500688882df5745f9f17faa,,False
102,gas_influence/Screenshot 2026-04-20 141250.png,gas_influence,f0b915a4eb54d956ebd112fccff9bd3749a70a51,,False
103,gas_influence/Screenshot 2026-04-22 155204.png,gas_influence,70bf43d4b232d37f1f4ab57241eb1e3caf73fd74,70bf43d4b232d37f1f4ab57241eb1e3caf73fd74,True
104,gas_influence/Screenshot 2026-04-24 151310.png,gas_influence,6aa5cb77ab4a95b6c72ce4f290b2922ff277974a,,False
105,gas_influence/Screenshot 2026-04-26 125315.png,gas_influence,c3e9bf6a60226ad33e93c5e485a303355aa206ee,,False
106,gas_influence/Screenshot 2026-04-26 131238.png,gas_influence,85a31d2916c1a377b8db0bc38e401b601928bf38,,False
107,gas_influence/Screenshot 2026-04-26 131304.png,gas_influence,64c090e9328b45407c6a8d32578c3a0e3ddd4362,,False
108,gas_influence/Screenshot 2026-04-27 100841.png,gas_influence,9f4e73ce863c3170cd8458227d7b93bdec0854d3,,False
109,gas_influence/Screenshot 2026-04-27 135345.png,gas_influence,d9e24899277c1d980e494c4ea926cebd8db06670,,False
110,gas_influence/Screenshot 2026-04-27 135513.png,gas_influence,042c513a8215a1a6dfe6a82d0764a81d02885404,,False
111,gas_influence/Screenshot 2026-04-27 135603.png,gas_influence,e1a498bb0a712a9f20b4f3a47a13600732786b16,,False
112,gas_influence/Screenshot 2026-04-27 140544.png,gas_influence,7f3b4b7a5cb73b08a72460c0a64f0185375721bd,,False
113,gas_influence/Screenshot 2026-04-27 205039.png,gas_influence,fe8dfd1b83725abeda13ef144e9ff6d341e50720,,False
114,gas_influence/Screenshot 2026-04-30 112042.png,gas_influence,7c5cedc1765a1670340355fc0b99658fcb06e6b0,,False
115,gas_influence/Screenshot 2026-05-01 090138.png,gas_influence,ae9ff5d1384d3f9e239fe5be3925ee729e0c7b48,,False
116,gas_influence/Screenshot 2026-05-01 090338.png,gas_influence,69aa46569d0e6632c92a5feacf820833e3b3dcf1,,False
117,gas_influence/Screenshot 2026-05-01 090350.png,gas_influence,cc779a23e0180c5b093b55f16c68f1b9538e13e9,,False
118,gas_influence/Screenshot 2026-05-01 090445.png,gas_influence,70a34553e67ca1aff27c965d765bf985638db3d4,,False
119,gas_influence/Screenshot 2026-05-05 140658.png,gas_influence,5ff043ea3546230c4169b6cdf1d4904dac538114,5ff043ea3546230c4169b6cdf1d4904dac538114,True
120,gas_influence_and_vibration/IMG_20260524_101332.jpg,gas_influence_and_vibration,71ab15019cb9be252213474b07ba81266d1d7e99,,False
121,gas_influence_and_vibration/IMG_20260524_101349.jpg,gas_influence_and_vibration,12d64f7aa5e981407ac345a4bde3930921517a39,,False
122,gas_influence_and_vibration/IMG_20260524_101407.jpg,gas_influence_and_vibration,dd1ef6e0feab774a92fb5312c915667f74c78d45,,False
123,gas_influence_and_vibration/IMG_20260524_101419.jpg,gas_influence_and_vibration,d1f0e3aaeb4ec5b3f47047e7cf30d923b26c9955,,False
124,gas_influence_and_vibration/IMG_20260524_101432.jpg,gas_influence_and_vibration,072232f1a631064e7c3a71f7f3bbcf11d9fd340f,,False
125,gas_influence_and_vibration/IMG_20260524_101444.jpg,gas_influence_and_vibration,23b878b74f4d5cf792564569a54a35da3b7ce31a,,False
126,gas_influence_and_vibration/IMG_20260524_101502.jpg,gas_influence_and_vibration,091254596684df06cf52c6c0bf95790670d13eee,,False
127,gas_influence_and_vibration/IMG_20260524_101512.jpg,gas_influence_and_vibration,8a2d441bc74459c0c8e05eebd9da619affb45832,,False
128,gas_influence_and_vibration/Screenshot 2026-03-13 091317.png,gas_influence_and_vibration,b60dbb860f637c55ea6a4397c48e4d57f999c7c4,,False
129,gas_influence_and_vibration/Screenshot 2026-04-04 171817.png,gas_influence_and_vibration,a8816b6a099b608973a5a652f4adc080b7018a06,,False
130,gas_influence_and_vibration/Screenshot 2026-04-07 081933.png,gas_influence_and_vibration,9166db7b19f394f8e2cd3b2ed5163e6ff865d14e,,False
131,gas_influence_and_vibration/Screenshot 2026-04-07 081948.png,gas_influence_and_vibration,583509c15c4abaa2b86d1ea58b38a19828b0dd53,,False
132,gas_influence_and_vibration/Screenshot 2026-04-11 103843.png,gas_influence_and_vibration,53ba9ea1ff35738342ceb8c39012ad94de3f6925,,False
133,gas_influence_and_vibration/Screenshot 2026-04-18 123426.png,gas_influence_and_vibration,726b2f6d235f8df53f551a118139f73564a73715,,False
134,gas_influence_and_vibration/Screenshot 2026-04-18 134143.png,gas_influence_and_vibration,22fd65bc2cf3dcb4d8a718e0a3e0b30d9f9167c2,,False
135,gas_influence_and_vibration/Screenshot 2026-04-18 141403.png,gas_influence_and_vibration,6cd5720bb38413843409b3819c704102d0ba7df9,,False
136,gas_influence_and_vibration/Screenshot 2026-04-18 144507.png,gas_influence_and_vibration,ddd09a378488c331cfdeb4318fad8e8c4e72b640,,False
137,gas_influence_and_vibration/Screenshot 2026-04-18 144638.png,gas_influence_and_vibration,827ea324c4073768e9f045a5a8c4d348e27c81d8,,False
138,gas_influence_and_vibration/Screenshot 2026-04-19 115527.png,gas_influence_and_vibration,71bd7d92bf99ff1cc2ab3f1a01bdad3ec07aa30a,,False
139,gas_influence_and_vibration/Screenshot 2026-04-19 115608.png,gas_influence_and_vibration,c4fcb577315cc88955f28e8ab7e618eb85e922ef,,False
140,gas_influence_and_vibration/Screenshot 2026-04-19 115620.png,gas_influence_and_vibration,40c6dd518c99c9591005e8b5702ad0459f77a996,,False
141,gas_influence_and_vibration/Screenshot 2026-04-19 115643.png,gas_influence_and_vibration,f96d0359a85481514fdb3eb39114728fe97550d1,,False
142,gas_influence_and_vibration/Screenshot 2026-04-19 115711.png,gas_influence_and_vibration,70310b5282fa5ef00470edde1ea47e3eb8324cfd,,False
143,gas_influence_and_vibration/Screenshot 2026-04-19 115723.png,gas_influence_and_vibration,a4d9b7b9ddc3453c2dfcbf51414fd48b72fc16f6,,False
144,gas_influence_and_vibration/Screenshot 2026-04-19 115729.png,gas_influence_and_vibration,da2a95f593acebb41ca2375b8d0ed7501fcd1837,,False
145,gas_influence_and_vibration/Screenshot 2026-04-19 115756.png,gas_influence_and_vibration,928fad6891e17cce472bccd6842994258259cf6b,,False
146,gas_influence_and_vibration/Screenshot 2026-04-19 115850.png,gas_influence_and_vibration,3c4427a290342b98f26ad815cc0388713dac8310,,False
147,gas_influence_and_vibration/Screenshot 2026-04-19 115856.png,gas_influence_and_vibration,828f06579e0a220f62bb3d1510029034a03f904f,,False
148,gas_influence_and_vibration/Screenshot 2026-04-19 122014.png,gas_influence_and_vibration,335d2b6401ad1da962d6030a9e82f7791f0a35f2,,False
149,gas_influence_and_vibration/Screenshot 2026-04-19 122100.png,gas_influence_and_vibration,fda653b4639f8e7e09e016a1ff6f0b35e9d02ad6,,False
150,gas_influence_and_vibration/Screenshot 2026-04-19 122122.png,gas_influence_and_vibration,dd5b5aea0e8c3d984a35e325ca6623f34ad04680,,False
151,gas_influence_and_vibration/Screenshot 2026-04-19 122151.png,gas_influence_and_vibration,d64448603fede32e205410b5200a504cb20c58d4,,False
152,gas_influence_and_vibration/Screenshot 2026-04-20 135108.png,gas_influence_and_vibration,b704ec3dc1077fe8fb30b67225c31972b0a1a43a,,False
153,gas_influence_and_vibration/Screenshot 2026-04-20 141318.png,gas_influence_and_vibration,cc02acf0f78540e490e1e4d2c3fa5f7456653e51,,False
154,gas_influence_and_vibration/Screenshot 2026-04-21 123343.png,gas_influence_and_vibration,3247ba042ce86dc558f2c051d34a65c71a070d58,,False
155,gas_influence_and_vibration/Screenshot 2026-04-21 123600.png,gas_influence_and_vibration,14aeaaed79517606f6090f687be5b321392dd60f,,False
156,gas_influence_and_vibration/Screenshot 2026-04-21 130433.png,gas_influence_and_vibration,670bfe2d562acd52622a3985ad3a242020533309,,False
157,gas_influence_and_vibration/Screenshot 2026-04-21 130458.png,gas_influence_and_vibration,7c841b5301834a33b2331b0df712aec05720d369,,False
158,gas_influence_and_vibration/Screenshot 2026-04-21 132343.png,gas_influence_and_vibration,4af6de72faa064b837277a7a4a97fd16890f0ac4,,False
159,gas_influence_and_vibration/Screenshot 2026-04-22 154930.png,gas_influence_and_vibration,31d2fc618f14e2f55e073e5ca137b59109a548be,,False
160,gas_influence_and_vibration/Screenshot 2026-04-22 155204.png,gas_influence_and_vibration,70bf43d4b232d37f1f4ab57241eb1e3caf73fd74,70bf43d4b232d37f1f4ab57241eb1e3caf73fd74,True
161,gas_influence_and_vibration/Screenshot 2026-04-23 115913.png,gas_influence_and_vibration,be97e2c0b375ade8845402a6d1142b147ecf2289,,False
162,gas_influence_and_vibration/Screenshot 2026-04-23 124727.png,gas_influence_and_vibration,875fd2727ae22d5b062e83bc86f9df586c4e3ce1,,False
163,gas_influence_and_vibration/Screenshot 2026-04-23 124733.png,gas_influence_and_vibration,0c2bdde18ac2788cfaf2488c447850ec79cf4426,,False
164,gas_influence_and_vibration/Screenshot 2026-04-24 143544.png,gas_influence_and_vibration,47c6d630bf06f29d3aa155692c5b8ff373880faa,,False
165,gas_influence_and_vibration/Screenshot 2026-04-24 144756.png,gas_influence_and_vibration,a4f0106973a0f2f6c48caf93f1226c2df26c075b,,False
166,gas_influence_and_vibration/Screenshot 2026-04-24 145752.png,gas_influence_and_vibration,02a3077cf7373cce0428edea01013551aec65f0b,,False
167,gas_influence_and_vibration/Screenshot 2026-04-26 125321.png,gas_influence_and_vibration,a6f7f17adaf5ae4507e60dea128b5f6255fd3408,,False
168,gas_influence_and_vibration/Screenshot 2026-04-26 130432.png,gas_influence_and_vibration,dd30e143a09ae5d8e3c77b1a684bf9c6b7e0f448,,False
169,gas_influence_and_vibration/Screenshot 2026-04-27 095201.png,gas_influence_and_vibration,c5ce9c3af71aca008edfa0be533545d54a412ee6,,False
170,gas_influence_and_vibration/Screenshot 2026-04-27 095414.png,gas_influence_and_vibration,358c943c58755a8db97dd60f56c07e2d125b9127,,False
171,gas_influence_and_vibration/Screenshot 2026-04-27 101026.png,gas_influence_and_vibration,327dd654ad6d9f434e850902f951079f931851d6,,False
172,gas_influence_and_vibration/Screenshot 2026-04-27 135053.png,gas_influence_and_vibration,58d343719e50b24b39dd6e505cde3a7d794d87ec,,False
173,gas_influence_and_vibration/Screenshot 2026-04-27 135143.png,gas_influence_and_vibration,bd40a7c10d5b67b6469bdfdd1cf8933c373cacb9,,False
174,gas_influence_and_vibration/Screenshot 2026-04-27 135215.png,gas_influence_and_vibration,a10f2db3fbea447e4f4aba44be182da67b422dea,,False
175,gas_influence_and_vibration/Screenshot 2026-04-27 135423.png,gas_influence_and_vibration,057129a84ff462a1760a44699c502edfcae561f2,,False
176,gas_influence_and_vibration/Screenshot 2026-04-27 135507.png,gas_influence_and_vibration,03d685836d1a1494be6e60d400dd557c2e763342,,False
177,gas_influence_and_vibration/Screenshot 2026-04-27 135524.png,gas_influence_and_vibration,bcf224364789d2e83570745e6d91e96eb6a10cc6,,False
178,gas_influence_and_vibration/Screenshot 2026-04-27 140629.png,gas_influence_and_vibration,32b193e5e9b2ba0e4b34f7400f0bebb26c482c34,,False
179,gas_influence_and_vibration/Screenshot 2026-04-27 205237.png,gas_influence_and_vibration,c5965f03c3cab534308db3edb152c92b82e73d6a,,False
180,gas_influence_and_vibration/Screenshot 2026-04-30 111954.png,gas_influence_and_vibration,91e99db64bb33bd5871d9219b4b4ce5b872d3d2d,,False
181,gas_influence_and_vibration/Screenshot 2026-04-30 112004.png,gas_influence_and_vibration,a4611eb3674310cdf2f04571d05c816011bd21e6,,False
182,gas_influence_and_vibration/Screenshot 2026-04-30 112059.png,gas_influence_and_vibration,4d778498d22250c82a03ceafe9382b9c02d6fd40,,False
183,gas_influence_and_vibration/Screenshot 2026-04-30 112141.png,gas_influence_and_vibration,20cb09ad08713528e35da06e528b097e86dd3d73,,False
184,gas_influence_and_vibration/Screenshot 2026-04-30 112157.png,gas_influence_and_vibration,28f1df215368d3f34907832ee18c8e49cdf4bc14,,False
185,gas_influence_and_vibration/Screenshot 2026-04-30 112316.png,gas_influence_and_vibration,7e0fd4cad9c9843ff4c82e95eff47ea89a485fee,,False
186,gas_influence_and_vibration/Screenshot 2026-05-01 085855.png,gas_influence_and_vibration,7ddeaad7401cea2b17536f94c389f1c142f1747d,,False
187,gas_influence_and_vibration/Screenshot 2026-05-01 090050.png,gas_influence_and_vibration,8c5af98599a756647c388d5a35f3c4da3f72a98e,,False
188,gas_influence_and_vibration/Screenshot 2026-05-01 090151.png,gas_influence_and_vibration,73c8398810513f18d56c7f3e9be1ea8cad280b79,,False
189,gas_influence_and_vibration/Screenshot 2026-05-01 090227.png,gas_influence_and_vibration,54ffc639356ab5e4b8c8c2c44e63571026e84b0f,,False
190,insufficient_liquid_supply_and_vibration/IMG_20260524_101918.jpg,insufficient_liquid_supply_and_vibration,1eec3b5899020a9818d2bdd3aa4ea8205a5efc47,,False
191,insufficient_liquid_supply_and_vibration/IMG_20260524_101929.jpg,insufficient_liquid_supply_and_vibration,7205e11fa4e43576b89a97cdb29eb164f5e714c8,,False
192,insufficient_liquid_supply_and_vibration/IMG_20260524_101940.jpg,insufficient_liquid_supply_and_vibration,a9b78e0ef150eaacb3dd37f25f684b063d24c2aa,,False
193,insufficient_liquid_supply_and_vibration/IMG_20260524_101950.jpg,insufficient_liquid_supply_and_vibration,dded684b1726f8bf2745f4859c8d264c127024fb,,False
194,insufficient_liquid_supply_and_vibration/IMG_20260524_102002.jpg,insufficient_liquid_supply_and_vibration,3b6157964058ec00316bb33fb6036291a742bc56,,False
195,insufficient_liquid_supply_and_vibration/IMG_20260524_102013.jpg,insufficient_liquid_supply_and_vibration,21f42a6b5d9e03059c1e1699bfe0c3e2f3c6148d,,False
196,insufficient_liquid_supply_and_vibration/IMG_20260524_102025.jpg,insufficient_liquid_supply_and_vibration,b8f770750de33ec12168d4e0eadc6a5544ddee88,,False
197,insufficient_liquid_supply_and_vibration/IMG_20260524_102043.jpg,insufficient_liquid_supply_and_vibration,ba36060c7bd01fa503063fe9678fa01faf8fea64,,False
198,insufficient_liquid_supply_and_vibration/IMG_20260524_102056.jpg,insufficient_liquid_supply_and_vibration,6b4cd922f4fd69c405d88c5a4fb2e09f1a8b35ce,,False
199,insufficient_liquid_supply_and_vibration/IMG_20260524_102107.jpg,insufficient_liquid_supply_and_vibration,c7832df32d72005b51cd7ee63486bd02740e07ca,,False
200,insufficient_liquid_supply_and_vibration/IMG_20260524_102127.jpg,insufficient_liquid_supply_and_vibration,5aa99a3e762274bcbfeb20eebaf38c6cee6197b4,,False
201,insufficient_liquid_supply_and_vibration/IMG_20260524_102142.jpg,insufficient_liquid_supply_and_vibration,a884900a426191107dbc6df8b724479985f2e280,,False
202,insufficient_liquid_supply_and_vibration/IMG_20260524_102157.jpg,insufficient_liquid_supply_and_vibration,e77bfb7cae02444cb813092dbb5c445cadb14116,,False
203,insufficient_liquid_supply_and_vibration/IMG_20260524_102209.jpg,insufficient_liquid_supply_and_vibration,c62983950d4cc31484bc5cd750645213dda5815a,,False
204,insufficient_liquid_supply_and_vibration/IMG_20260524_102225.jpg,insufficient_liquid_supply_and_vibration,38c132f2e73b1ce305ab99973d60f123809b6a28,,False
205,insufficient_liquid_supply_and_vibration/IMG_20260524_102252.jpg,insufficient_liquid_supply_and_vibration,707d3d22e1dc5f328f0c9761e22e37f43eb24a9c,,False
206,insufficient_liquid_supply_and_vibration/IMG_20260524_102302.jpg,insufficient_liquid_supply_and_vibration,c3bcf96bb7954bcdeffd36ceca07199af19ec488,,False
207,insufficient_liquid_supply_and_vibration/Screenshot 2026-04-04 171408.png,insufficient_liquid_supply_and_vibration,5e964c2fae3641975b60269788306e600e92ade8,,False
208,insufficient_liquid_supply_and_vibration/Screenshot 2026-04-04 171430.png,insufficient_liquid_supply_and_vibration,78dd7014f334f730a9bcfc1210336d77348052f3,,False
209,insufficient_liquid_supply_and_vibration/Screenshot 2026-04-04 171539.png,insufficient_liquid_supply_and_vibration,5d0fd0d8495b45279e3c955312db40f30d9748c8,,False
210,insufficient_liquid_supply_and_vibration/Screenshot 2026-04-04 171605.png,insufficient_liquid_supply_and_vibration,5b755447483e9597c1cab56821459239b3afe583,,False
211,insufficient_liquid_supply_and_vibration/Screenshot 2026-04-04 171638.png,insufficient_liquid_supply_and_vibration,e1f7db2c26c74e13337edaa0951484dc2fab4d26,,False
212,insufficient_liquid_supply_and_vibration/Screenshot 2026-04-04 172558.png,insufficient_liquid_supply_and_vibration,b9e3228ef4aab80eaaad84e5f7884ffdfb6b8d41,,False
213,insufficient_liquid_supply_and_vibration/Screenshot 2026-04-04 172615.png,insufficient_liquid_supply_and_vibration,fe385c3d5bdf1f734e625e01e58ecaf58459f0b5,,False
214,insufficient_liquid_supply_and_vibration/Screenshot 2026-04-07 081836.png,insufficient_liquid_supply_and_vibration,827974bb17724d4db7a66dab2321cc1837bf1397,,False
215,insufficient_liquid_supply_and_vibration/Screenshot 2026-04-07 081857.png,insufficient_liquid_supply_and_vibration,9c32dfbdc0b6d6a06e3aef75163216d3fb81cc9c,,False
216,insufficient_liquid_supply_and_vibration/Screenshot 2026-04-18 125443.png,insufficient_liquid_supply_and_vibration,c6f24b121579da7a21f34f7e05902245525250b7,,False
217,insufficient_liquid_supply_and_vibration/Screenshot 2026-04-18 125518.png,insufficient_liquid_supply_and_vibration,b647d1ad1fa778ebb3d85dcc30f22727698d4ae7,,False
218,insufficient_liquid_supply_and_vibration/Screenshot 2026-04-18 131533.png,insufficient_liquid_supply_and_vibration,b90986213f8b80ebc71781c551cc90a48301dae5,,False
219,insufficient_liquid_supply_and_vibration/Screenshot 2026-04-18 131541.png,insufficient_liquid_supply_and_vibration,8be388bd64aa2778e649face04177faac6c45423,,False
220,insufficient_liquid_supply_and_vibration/Screenshot 2026-04-18 131605.png,insufficient_liquid_supply_and_vibration,69fde85af5d2a53ff20b2d069fec22488aca5685,,False
221,insufficient_liquid_supply_and_vibration/Screenshot 2026-04-18 131657.png,insufficient_liquid_supply_and_vibration,f98900b86dc9251980be25e6c3874a1397c200f1,,False
222,insufficient_liquid_supply_and_vibration/Screenshot 2026-04-18 134024.png,insufficient_liquid_supply_and_vibration,ec861660b485f2ed0b3cb5c29e6b987d4cec6177,,False
223,insufficient_liquid_supply_and_vibration/Screenshot 2026-04-18 134057.png,insufficient_liquid_supply_and_vibration,6624895b42b36324e99c83016d84b41c0751f464,,False
224,insufficient_liquid_supply_and_vibration/Screenshot 2026-04-18 134113.png,insufficient_liquid_supply_and_vibration,e3003c3503f883fba5659ee8b7005906d757eacd,,False
225,insufficient_liquid_supply_and_vibration/Screenshot 2026-04-18 134134.png,insufficient_liquid_supply_and_vibration,fa8a5df6dd04bbf4518e3b039ceaa7b483087570,,False
226,insufficient_liquid_supply_and_vibration/Screenshot 2026-04-18 134233.png,insufficient_liquid_supply_and_vibration,ca5b1021d3721c4b7cb5f1c293de41241cef360c,,False
227,insufficient_liquid_supply_and_vibration/Screenshot 2026-04-18 134255.png,insufficient_liquid_supply_and_vibration,f564919e090f863cd81960632f40f52abbd157b6,,False
228,insufficient_liquid_supply_and_vibration/Screenshot 2026-04-18 135701.png,insufficient_liquid_supply_and_vibration,2f7ec5e15f1791a2b484d2d014a3a5c1eacc3c46,,False
229,insufficient_liquid_supply_and_vibration/Screenshot 2026-04-18 141247.png,insufficient_liquid_supply_and_vibration,c1277adf561fabdb70f164484122d3348659faf4,,False
230,insufficient_liquid_supply_and_vibration/Screenshot 2026-04-18 141308.png,insufficient_liquid_supply_and_vibration,b21e986189b75f5dbf36c33c1141cd986b23b9c7,,False
231,insufficient_liquid_supply_and_vibration/Screenshot 2026-04-18 141317.png,insufficient_liquid_supply_and_vibration,a6032ad04a565ac3b956cb4261e144468ad389bc,,False
232,insufficient_liquid_supply_and_vibration/Screenshot 2026-04-18 141347.png,insufficient_liquid_supply_and_vibration,b179ca3b8d8d6f1996c75113a089b1621ad2ff03,,False
233,insufficient_liquid_supply_and_vibration/Screenshot 2026-04-18 142243.png,insufficient_liquid_supply_and_vibration,664b565292cbdc2daa62394dd4e7ef86a46d128d,,False
234,insufficient_liquid_supply_and_vibration/Screenshot 2026-04-18 142249.png,insufficient_liquid_supply_and_vibration,98eb7238332c8d3c8599863de611c5a33d4c2292,,False
235,insufficient_liquid_supply_and_vibration/Screenshot 2026-04-18 142448.png,insufficient_liquid_supply_and_vibration,8caa89067b04a780185686afe933abaf0cbf08ab,,False
236,insufficient_liquid_supply_and_vibration/Screenshot 2026-04-18 142511.png,insufficient_liquid_supply_and_vibration,3c92d65747ea20184518a7ed31234bd2c7fa1749,,False
237,insufficient_liquid_supply_and_vibration/Screenshot 2026-04-18 142520.png,insufficient_liquid_supply_and_vibration,33928b5154e9e95a28329af9ac49a753932d16fa,,False
238,insufficient_liquid_supply_and_vibration/Screenshot 2026-04-19 115614.png,insufficient_liquid_supply_and_vibration,602f7727c7a17ce96b52de1b6123780a5f508ddd,,False
239,insufficient_liquid_supply_and_vibration/Screenshot 2026-04-19 115627.png,insufficient_liquid_supply_and_vibration,0d5450033bc257529b62545d327ed287fc5b6605,,False
240,insufficient_liquid_supply_and_vibration/Screenshot 2026-04-19 121929.png,insufficient_liquid_supply_and_vibration,b9e9d9a8bf63d6e7fcf03808aa01f586b19458d0,,False
241,insufficient_liquid_supply_and_vibration/Screenshot 2026-04-19 121939.png,insufficient_liquid_supply_and_vibration,929106a6a218aac5b3c19ba745a33e5b7a589cd9,,False
242,insufficient_liquid_supply_and_vibration/Screenshot 2026-04-19 122049.png,insufficient_liquid_supply_and_vibration,5aa0ee2cbd481374205f9dedf1ea2400e05c4115,,False
243,insufficient_liquid_supply_and_vibration/Screenshot 2026-04-20 113538.png,insufficient_liquid_supply_and_vibration,a4b638f4579e0865e16fb10ef7567a4481afd1f3,,False
244,insufficient_liquid_supply_and_vibration/Screenshot 2026-04-20 141312.png,insufficient_liquid_supply_and_vibration,6c32882137e4b70b4a812c6b71f5825c5d3f9998,,False
245,insufficient_liquid_supply_and_vibration/Screenshot 2026-04-20 144526.png,insufficient_liquid_supply_and_vibration,826fe8390c2c0179a9da3b217f4183baac11cc40,,False
246,insufficient_liquid_supply_and_vibration/Screenshot 2026-04-20 144537.png,insufficient_liquid_supply_and_vibration,5a04edf520ba70354bebd27ae626c81b5c3c0bdf,,False
247,insufficient_liquid_supply_and_vibration/Screenshot 2026-04-20 144547.png,insufficient_liquid_supply_and_vibration,feeee30783861837dac6db6a438e638166d85c0e,,False
248,insufficient_liquid_supply_and_vibration/Screenshot 2026-04-21 123608.png,insufficient_liquid_supply_and_vibration,1f9ccd24555cefcf624e4624ac522219be492ad0,,False
249,insufficient_liquid_supply_and_vibration/Screenshot 2026-04-21 125019.png,insufficient_liquid_supply_and_vibration,25b8f93827f4e662c4968933b45d59dc7aa50f5f,,False
250,insufficient_liquid_supply_and_vibration/Screenshot 2026-04-21 125059.png,insufficient_liquid_supply_and_vibration,6ba9cb980fab1449f5ff6ba0f2ff104197307869,,False
251,insufficient_liquid_supply_and_vibration/Screenshot 2026-04-21 125212.png,insufficient_liquid_supply_and_vibration,535ace9649fa4247f6d89ecfd6a03c99de1b614a,,False
252,insufficient_liquid_supply_and_vibration/Screenshot 2026-04-21 130453.png,insufficient_liquid_supply_and_vibration,d26d65a8a1191a10f7dce5df352268886a3efa09,,False
253,insufficient_liquid_supply_and_vibration/Screenshot 2026-04-21 130551.png,insufficient_liquid_supply_and_vibration,27aed70d3317e753bb6cdb3b674c4a2460e9a92b,,False
254,insufficient_liquid_supply_and_vibration/Screenshot 2026-04-21 130601.png,insufficient_liquid_supply_and_vibration,298d14de90438a142f66b6fa4fb1fe25635e8adb,,False
255,insufficient_liquid_supply_and_vibration/Screenshot 2026-04-21 130606.png,insufficient_liquid_supply_and_vibration,09aaf7253d67f3c25fbacc3e4cc70ea4a3661f9e,,False
256,insufficient_liquid_supply_and_vibration/Screenshot 2026-04-21 131504.png,insufficient_liquid_supply_and_vibration,b048c1602cf6b1b52243161f4dcd9a950250c13f,,False
257,insufficient_liquid_supply_and_vibration/Screenshot 2026-04-21 132246.png,insufficient_liquid_supply_and_vibration,284e2dd1cd237c48195b20d9ce53a44502c4de13,,False
258,insufficient_liquid_supply_and_vibration/Screenshot 2026-04-21 132251.png,insufficient_liquid_supply_and_vibration,523bdc566fc547caad92c761ed30aaf49b0b5bac,,False
259,insufficient_liquid_supply_and_vibration/Screenshot 2026-04-21 133538.png,insufficient_liquid_supply_and_vibration,815fd1a008b8d20e4aa7bf0953c3e790cfee3c15,,False
260,insufficient_liquid_supply_and_vibration/Screenshot 2026-04-22 154351.png,insufficient_liquid_supply_and_vibration,f6a73769f219343eecfa5be51057a8f17887f998,,False
261,insufficient_liquid_supply_and_vibration/Screenshot 2026-04-23 115921.png,insufficient_liquid_supply_and_vibration,d545af74410f32b58a16214275c6bd8f8e48dd3b,,False
262,insufficient_liquid_supply_and_vibration/Screenshot 2026-04-23 122208.png,insufficient_liquid_supply_and_vibration,2dfef888098672a0b0b8f650305d6659fdce51bd,,False
263,insufficient_liquid_supply_and_vibration/Screenshot 2026-04-23 122214.png,insufficient_liquid_supply_and_vibration,b8d29770dd6abbd98312eb015e9a9ff17916dfa3,,False
264,insufficient_liquid_supply_and_vibration/Screenshot 2026-04-23 122244.png,insufficient_liquid_supply_and_vibration,f595cca426e67fa7ec9d7b2ed2eff497fe0eaae3,,False
265,insufficient_liquid_supply_and_vibration/Screenshot 2026-04-23 122249.png,insufficient_liquid_supply_and_vibration,c6c9b834ef79a2e2dc1113715038bcd7b24cf114,,False
266,insufficient_liquid_supply_and_vibration/Screenshot 2026-04-23 124659.png,insufficient_liquid_supply_and_vibration,f836be1d65e2c2280eb80324948be9a5f294be8b,,False
267,insufficient_liquid_supply_and_vibration/Screenshot 2026-04-23 125204.png,insufficient_liquid_supply_and_vibration,6ba9726a55d294cd6d98be3f22383eee919313eb,,False
268,insufficient_liquid_supply_and_vibration/Screenshot 2026-04-23 125212.png,insufficient_liquid_supply_and_vibration,0cb9f16c2187dd8ef8c01e8302ec70d3871527a1,,False
269,insufficient_liquid_supply_and_vibration/Screenshot 2026-04-23 125543.png,insufficient_liquid_supply_and_vibration,792783093deeb7d046e92cd53df8b50c5eec3d76,,False
270,insufficient_liquid_supply_and_vibration/Screenshot 2026-04-23 130126.png,insufficient_liquid_supply_and_vibration,f24659c6acca00b44f21149636a6087eb51d7a30,,False
271,insufficient_liquid_supply_and_vibration/Screenshot 2026-04-23 130133.png,insufficient_liquid_supply_and_vibration,76d88792c78d33dc2eb2d7823e68c8fea62b6bfc,,False
272,insufficient_liquid_supply_and_vibration/Screenshot 2026-04-23 130149.png,insufficient_liquid_supply_and_vibration,701bfc8854f436fc8cbc8113e420467804048fb3,,False
273,insufficient_liquid_supply_and_vibration/Screenshot 2026-04-24 141837.png,insufficient_liquid_supply_and_vibration,2e7e885d012c89bafe1d5583ec0f0a1d5110724d,,False
274,insufficient_liquid_supply_and_vibration/Screenshot 2026-04-24 141843.png,insufficient_liquid_supply_and_vibration,80c47499a2b3692861e617943e537a686349359e,,False
275,insufficient_liquid_supply_and_vibration/Screenshot 2026-04-24 142309.png,insufficient_liquid_supply_and_vibration,fd53a09761394e86c1be3ffd464ac10251d74bc6,,False
276,insufficient_liquid_supply_and_vibration/Screenshot 2026-04-24 142336.png,insufficient_liquid_supply_and_vibration,a18eb66ab5d715e91253b35925c1653fa44d12e3,,False
277,insufficient_liquid_supply_and_vibration/Screenshot 2026-04-24 143551.png,insufficient_liquid_supply_and_vibration,299714592462459333203a097b23210b3a429cf3,,False
278,insufficient_liquid_supply_and_vibration/Screenshot 2026-04-24 143605.png,insufficient_liquid_supply_and_vibration,21e9af5a2547ba80272b6de751adb44f0981e0fa,,False
279,insufficient_liquid_supply_and_vibration/Screenshot 2026-04-24 144323.png,insufficient_liquid_supply_and_vibration,83a5b299ae298bde624a600cfab1c1b21a267e31,,False
280,insufficient_liquid_supply_and_vibration/Screenshot 2026-04-24 144335.png,insufficient_liquid_supply_and_vibration,05f44fe43fb33e7f043ac66b670d919960622580,,False
281,insufficient_liquid_supply_and_vibration/Screenshot 2026-04-24 144352.png,insufficient_liquid_supply_and_vibration,fb105108ce2d46a10e31a33f284d4193ce9580d4,,False
282,insufficient_liquid_supply_and_vibration/Screenshot 2026-04-24 145233.png,insufficient_liquid_supply_and_vibration,11271bbd4d32d2c557681e2282d59bdfc1bc04c9,,False
283,insufficient_liquid_supply_and_vibration/Screenshot 2026-04-24 145239.png,insufficient_liquid_supply_and_vibration,d907a9ef3a5c5e85f34bb952ad10ab2c0a2c7aa3,,False
284,insufficient_liquid_supply_and_vibration/Screenshot 2026-04-24 145835.png,insufficient_liquid_supply_and_vibration,656b6f19ee108e80d78ac37d2e903b9cd07c9e2d,,False
285,insufficient_liquid_supply_and_vibration/Screenshot 2026-04-24 151930.png,insufficient_liquid_supply_and_vibration,2d1efca5da62256302ecd54203e652b12b5ea34a,,False
286,insufficient_liquid_supply_and_vibration/Screenshot 2026-04-24 151934.png,insufficient_liquid_supply_and_vibration,015b5b24dd4f8cbd2740be4d9ac57e25dddf2cc0,,False
287,insufficient_liquid_supply_and_vibration/Screenshot 2026-04-24 152416.png,insufficient_liquid_supply_and_vibration,b9fce943707fd9dd4b6796efe649e392370b0183,,False
288,insufficient_liquid_supply_and_vibration/Screenshot 2026-04-27 100946.png,insufficient_liquid_supply_and_vibration,55ffd9c910f20ce79670e584fbc769689ba2abca,,False
289,insufficient_liquid_supply_and_vibration/Screenshot 2026-04-27 135518.png,insufficient_liquid_supply_and_vibration,20dcc6fda2d728e9902ec5f02d86b99f59da8f0c,,False
290,insufficient_liquid_supply_and_vibration/Screenshot 2026-05-01 085831.png,insufficient_liquid_supply_and_vibration,98f4f2244c820fa0c971f38b4bfbc65f5ddd9bd5,,False
291,insufficient_liquid_supply_and_vibration/Screenshot 2026-05-05 140314.png,insufficient_liquid_supply_and_vibration,204414008b2e74d2895815e17b453e97e003c593,,False
292,insufficient_liquid_supply_and_vibration/Screenshot 2026-05-05 140530.png,insufficient_liquid_supply_and_vibration,3ff4b2946ae224c13e7676af6b11d7f203728217,,False
293,insufficient_liquid_supply_and_vibration/Screenshot 2026-05-05 140549.png,insufficient_liquid_supply_and_vibration,1110f07b11ad13794fe528489df99111dea24c9f,,False
294,insufficient_liquid_supply_and_vibration/Screenshot 2026-05-05 141950.png,insufficient_liquid_supply_and_vibration,13234f29b3e0bdd10d7944abea57e9e55aabf21e,,False
295,insufficient_liquid_supply_and_vibration/Screenshot 2026-05-05 141957.png,insufficient_liquid_supply_and_vibration,8df51a115e2a907e87661cfd3f0557497eff32f3,,False
296,natural_flowing/09300c24-3104-4285-ac84-16181e9aee2c.png,natural_flowing,24841f04373f673449b0759f11430385fda0eab7,,False
297,natural_flowing/6c1219e7-eb27-4eaa-9e3d-954f95a70d4f.png,natural_flowing,e8e3d46e39c7a54c8012b93aac15ce92e6e8f053,,False
298,natural_flowing/Screenshot 2026-04-04 171417.png,natural_flowing,ae31473533414f2f3d1244117d4d0741703f8760,ae31473533414f2f3d1244117d4d0741703f8760,True
299,natural_flowing/Screenshot 2026-04-04 171525.png,natural_flowing,96c3cfa70782e933bec47afa208a284a902fe2a9,96c3cfa70782e933bec47afa208a284a902fe2a9,True
300,natural_flowing/Screenshot 2026-04-07 081826.png,natural_flowing,fc086f89f2f9a8b33fe0575bc9689ed460448c43,,False
301,natural_flowing/Screenshot 2026-04-18 132826.png,natural_flowing,0f9191ee38c506aa511263b799f043b412406761,,False
302,natural_flowing/Screenshot 2026-04-18 132941.png,natural_flowing,b4046ee0d96e686034982991a86e4d1b9d1983bd,,False
303,natural_flowing/Screenshot 2026-04-18 143410.png,natural_flowing,5a0f5f933d08eb20fef49e1c69f8fb5d7c5722cb,,False
304,natural_flowing/Screenshot 2026-04-18 143416.png,natural_flowing,3a2d972f54ffbd0766c0f15cad28df7df6c8c5fb,,False
305,natural_flowing/Screenshot 2026-04-19 115832.png,natural_flowing,fcead4537045096a6fd4b06207a934cf37eedc1c,,False
306,natural_flowing/Screenshot 2026-04-19 115903.png,natural_flowing,a47e0f7c6279b2831a372376168f9590022e41fe,,False
307,natural_flowing/Screenshot 2026-04-19 122000.png,natural_flowing,6495bdfe36e58d4f7c3c96cfeb3f1ecb7c369bf4,,False
308,natural_flowing/Screenshot 2026-04-19 122020.png,natural_flowing,28a4af9e5502c6b1a438fcdc9b30d1a720bb9de7,,False
309,natural_flowing/Screenshot 2026-04-19 122054.png,natural_flowing,ddced3ddd23c7b3dcc05b4a711f8157f70b3bc91,,False
310,natural_flowing/Screenshot 2026-04-19 122139.png,natural_flowing,b0942167ae2edb245d51bd24d9fc1365391002ff,,False
311,natural_flowing/Screenshot 2026-04-19 123702.png,natural_flowing,96aea7470524b0fd57b5e2e108d5934b69a99fe3,,False
312,natural_flowing/Screenshot 2026-04-19 123709.png,natural_flowing,64abe9670320ae85f047866ada52f5c282e7adf2,,False
313,natural_flowing/Screenshot 2026-04-20 113344.png,natural_flowing,6bdbc809f3cd56ff7acedb7933d83e3dbc2eee43,,False
314,natural_flowing/Screenshot 2026-04-20 113402.png,natural_flowing,adc3169acf34d4aa38ff21133cf6fc9eef233203,,False
315,natural_flowing/Screenshot 2026-04-20 113456.png,natural_flowing,01f0e76ddb9d6f67ed61bdb2ee8648f06061203b,,False
316,natural_flowing/Screenshot 2026-04-20 113508.png,natural_flowing,902cd2ca1f22a00288ebf70fa4fa4fed429bb226,,False
317,natural_flowing/Screenshot 2026-04-20 124434.png,natural_flowing,6201663b8b406d047b0d9246d50ba806a2f6b6d6,,False
318,natural_flowing/Screenshot 2026-04-20 124649.png,natural_flowing,95eb3c5660113cd5408b95e9517796deac2b70f6,,False
319,natural_flowing/Screenshot 2026-04-20 124848.png,natural_flowing,2360f2e520da2863e251f46a143058b6b310ca80,2360f2e520da2863e251f46a143058b6b310ca80,True
320,natural_flowing/Screenshot 2026-04-20 135131.png,natural_flowing,e8279d43aa55f17e881d93c47dd43daf2b2bec1b,,False
321,natural_flowing/Screenshot 2026-04-20 143139.png,natural_flowing,6b0eda3d0a9970051398a364d177f0f3c7499f3e,,False
322,natural_flowing/Screenshot 2026-04-20 143144.png,natural_flowing,5968598a64101e32c77cf04594f0e22e70eb5d93,,False
323,natural_flowing/Screenshot 2026-04-20 144442.png,natural_flowing,7ed807670e4a492f5d0ce9a9a51d0542d9a4ddce,,False
324,natural_flowing/Screenshot 2026-04-20 144458.png,natural_flowing,1aa17a6d629bb617fb63fe3f599a42aee29fba2e,,False
325,natural_flowing/Screenshot 2026-04-20 144506.png,natural_flowing,cac967dbb9395fdb9cb1bd73c80dc112e0095f11,,False
326,natural_flowing/Screenshot 2026-04-21 123442.png,natural_flowing,8338cfc019b42bfb1306488a3551bd9f2ef22ec7,,False
327,natural_flowing/Screenshot 2026-04-21 130535.png,natural_flowing,20a5c0f658fa9185a3d06ec979db8a180964345d,,False
328,natural_flowing/Screenshot 2026-04-21 130540.png,natural_flowing,faff63be325eced218049eafe68b036407ada239,,False
329,natural_flowing/Screenshot 2026-04-21 130556.png,natural_flowing,767759395f12bb30e967a5cb4167e0632a13f8ac,,False
330,natural_flowing/Screenshot 2026-04-21 133521.png,natural_flowing,e770056ed7d61e3950ff27fac101014379f3d83a,,False
331,natural_flowing/Screenshot 2026-04-22 154100.png,natural_flowing,ac5709d37cfe1b2253420f31f8b62f2c7b2961bb,,False
332,natural_flowing/Screenshot 2026-04-22 154118.png,natural_flowing,ecd096d10708ef0274b53570fd5bfd44ea3461a5,,False
333,natural_flowing/Screenshot 2026-04-22 154152.png,natural_flowing,e357c6a9a6529f69b99287058c77bb5434f70a33,,False
334,natural_flowing/Screenshot 2026-04-22 154225.png,natural_flowing,89fde3e2c3323821d7d03134c5536a3578cd35c2,,False
335,natural_flowing/Screenshot 2026-04-22 154236.png,natural_flowing,2615678a91af022ffbfe4238cccecae726d69a25,2615678a91af022ffbfe4238cccecae726d69a25,True
336,natural_flowing/Screenshot 2026-04-22 154301.png,natural_flowing,d97f399e9ec0f720d651e3e8f5d9930bed275d5e,,False
337,natural_flowing/Screenshot 2026-04-22 154356.png,natural_flowing,ee58eead1fbbc728cabc2143490f8d60672ae1ef,,False
338,natural_flowing/Screenshot 2026-04-22 154519.png,natural_flowing,5fdcc7a6a47fcc9ac39810f51c95e7e10d4ffd22,,False
339,natural_flowing/Screenshot 2026-04-22 154559.png,natural_flowing,465465a28c2aa77e25324c2f2960a8fbfcfc2516,,False
340,natural_flowing/Screenshot 2026-04-22 154637.png,natural_flowing,6d3a88b933df5a55fe5a35f66c18ca393c3d039f,,False
341,natural_flowing/Screenshot 2026-04-22 154705.png,natural_flowing,fec64a79a5621f4c5310d7b8ff94b090f7c771ec,,False
342,natural_flowing/Screenshot 2026-04-22 154744.png,natural_flowing,586aacc43ffd4326584d2e54e1ef46a50f906dc5,,False
343,natural_flowing/Screenshot 2026-04-22 155000.png,natural_flowing,5fb86d9a3d52f44735c7197287550570b023a589,,False
344,natural_flowing/Screenshot 2026-04-22 155016.png,natural_flowing,48f71220fc92eb06a0f5323839863b5f2b249309,,False
345,natural_flowing/Screenshot 2026-04-22 155055.png,natural_flowing,8129b84f3a02e24a454efdd9cb1abafdda2b1952,,False
346,natural_flowing/Screenshot 2026-04-22 155106.png,natural_flowing,30f728211b05c5d7254716cbfe33bce27ef914d6,,False
347,natural_flowing/Screenshot 2026-04-22 155125.png,natural_flowing,4da038efa42a0030a3ae93411b9774c8413a98cc,,False
348,natural_flowing/Screenshot 2026-04-22 155147.png,natural_flowing,9a24436d65e4acab7809f59ac56fb3bbbaac876b,,False
349,natural_flowing/Screenshot 2026-04-22 155155.png,natural_flowing,4b081435d1bb3a21c552b1329552a4ab9895383b,,False
350,natural_flowing/Screenshot 2026-04-22 155232.png,natural_flowing,5e52ede8033a12643815c4fd451c09332f860790,,False
351,natural_flowing/Screenshot 2026-04-22 155240.png,natural_flowing,e040de2a4061a8496a3308af9310625fc85ed400,e040de2a4061a8496a3308af9310625fc85ed400,True
352,natural_flowing/Screenshot 2026-04-22 155254.png,natural_flowing,fba29b9a944ee96bf4d92c59ab4ddf1824b59f7b,,False
353,natural_flowing/Screenshot 2026-04-23 115933.png,natural_flowing,20e185d8b260c116a763b27688a67a08c6a878ae,,False
354,natural_flowing/Screenshot 2026-04-23 122232.png,natural_flowing,61c5197be5d597b1a47b764eafcbfd81ca7ca4f6,,False
355,natural_flowing/Screenshot 2026-04-23 122254.png,natural_flowing,05f94d612fc59395e54b28a79c5cb6e36cc88a46,,False
356,natural_flowing/Screenshot 2026-04-23 125553.png,natural_flowing,4453b8ae9a4bffdd862cb49473e58f12e23775d5,,False
357,natural_flowing/Screenshot 2026-04-23 125633.png,natural_flowing,bf3d4dec7a9bccb322c3c9e945d77333d6f1bf92,,False
358,natural_flowing/Screenshot 2026-04-24 141756.png,natural_flowing,71d1592f503304a2c1ded9f74771822876d26b89,,False
359,natural_flowing/Screenshot 2026-04-24 142345.png,natural_flowing,4ed56afb4a168c1ee210f3c4b5c12cc508b71d06,,False
360,natural_flowing/Screenshot 2026-04-26 125244.png,natural_flowing,de6eecae6c1630ba782f9f94f044b53e793b4adb,,False
361,natural_flowing/Screenshot 2026-04-26 125836.png,natural_flowing,32af4c967a0f042b2a799654034a38b18e656598,,False
362,natural_flowing/Screenshot 2026-04-26 130338.png,natural_flowing,adb2d3bf9fa310274068d798af8a121d450c8b04,,False
363,natural_flowing/Screenshot 2026-04-26 130408.png,natural_flowing,cf8618d0fcde2a3ec4fdf3f66724f39f7fcfba6d,,False
364,natural_flowing/Screenshot 2026-04-26 131207.png,natural_flowing,9d44720492cfafcc91a639abd77212a596ff3bb1,,False
365,natural_flowing/Screenshot 2026-04-26 131852.png,natural_flowing,ce6ca508418f06308f8bd3ce29f44834111b7e11,,False
366,natural_flowing/Screenshot 2026-04-26 131905.png,natural_flowing,8b1562b5a23df839fd6e7aee7ed35eaf610d728f,,False
367,natural_flowing/Screenshot 2026-04-27 094013.png,natural_flowing,7edecf305984674d8a68b186fd90511c0b9f937a,,False
368,natural_flowing/Screenshot 2026-04-27 094028.png,natural_flowing,7ca87a05ac3836752202e7934099b2a924f63cd6,,False
369,natural_flowing/Screenshot 2026-04-27 094053.png,natural_flowing,aa7b01af682d4ed41c9e1648bbdc2d54ee0f1113,,False
370,natural_flowing/Screenshot 2026-04-27 094905.png,natural_flowing,aa7f3befe63cc2fd113e155c00e79964c7b15b54,,False
371,natural_flowing/Screenshot 2026-04-27 094936.png,natural_flowing,f78708048b9a702a79781edd12c9b5e1165f52f0,,False
372,natural_flowing/Screenshot 2026-04-27 095713.png,natural_flowing,8b4edf9fc5c45547b40e0405e93e11744167910f,,False
373,natural_flowing/Screenshot 2026-04-27 100110.png,natural_flowing,f9c0b1d836817af89b23c594dddcb9eb2050908d,,False
374,natural_flowing/Screenshot 2026-04-27 135116.png,natural_flowing,55d05fccaf0df2897533150cda38674c0280c17e,,False
375,natural_flowing/Screenshot 2026-04-27 135138.png,natural_flowing,1d73bf1ed0bbceaaec60b9321e42df3afbfc7b8d,,False
376,natural_flowing/Screenshot 2026-04-27 135159.png,natural_flowing,9974ed5e28a72e1ad735957379dbb4987b6198f0,,False
377,natural_flowing/Screenshot 2026-04-27 135204.png,natural_flowing,097ce8889e18965e963276899fe830174a25c0fc,,False
378,natural_flowing/Screenshot 2026-04-27 135236.png,natural_flowing,f4c93c1406c31c64ddbc91ae9b5319b0ed0f3ea7,,False
379,natural_flowing/Screenshot 2026-04-27 135259.png,natural_flowing,f8008b9815cfbf311234e80d455b29b1889d79b5,,False
380,natural_flowing/Screenshot 2026-04-27 135315.png,natural_flowing,63857d5800e230fcdfd82d6ffb262ea8b8000cd5,,False
381,natural_flowing/Screenshot 2026-04-27 210925.png,natural_flowing,11767f4640e7a814fa5e740d178bee517203d4d0,,False
382,natural_flowing/Screenshot 2026-04-30 112206.png,natural_flowing,bd4880a3eafdd7aa489963dc3fb12984918b7e75,,False
383,natural_flowing/Screenshot 2026-05-01 090016.png,natural_flowing,f3ef241e4359d2a810def0c7ff5e88bf37239865,,False
384,natural_flowing/Screenshot 2026-05-05 140627.png,natural_flowing,85804c6c8e43b4adde2d174ce766eab755598290,85804c6c8e43b4adde2d174ce766eab755598290,True
385,natural_flowing/Screenshot 2026-05-05 140648.png,natural_flowing,4d30394f598eeb6127398b19dbac64d54f60b7a3,4d30394f598eeb6127398b19dbac64d54f60b7a3,True
386,natural_flowing/Screenshot 2026-05-05 140726.png,natural_flowing,ecedf37912cdcf8d8c1955b2583c79ff23bfe1a4,ecedf37912cdcf8d8c1955b2583c79ff23bfe1a4,True
387,natural_flowing/Screenshot 2026-05-05 141934.png,natural_flowing,ebb2395f3e9b8f0a9c1b2bc39970708b3bf50935,,False
388,natural_flowing/a984379d-2a93-48fd-a364-be49043fb3e6.png,natural_flowing,cac85ef15217bf9e44c7d1308781d7070d20445b,,False
389,pump_leakage/IMG_20260524_100800.jpg,pump_leakage,18d4ce3b090e13b766f6b5a69b50c249ffb4185d,,False
390,pump_leakage/IMG_20260524_100823.jpg,pump_leakage,38697e4062f05e887ebb4479eca457cef1e0b0ce,,False
391,pump_leakage/IMG_20260524_100841.jpg,pump_leakage,226925428a1b0b750edf24d8766ec5c059cb99f8,,False
392,pump_leakage/IMG_20260524_100928.jpg,pump_leakage,93a3f609ddca140f612b5f58c68e8d94de0f23e7,,False
393,pump_leakage/IMG_20260524_100950.jpg,pump_leakage,a8d44160601f281fca47bfb332ae4ddf935ca9f6,,False
394,pump_leakage/IMG_20260524_101011.jpg,pump_leakage,a8f5dd7a14e0fe3baf07f8a48e93338c6c5c7f6f,,False
395,pump_leakage/IMG_20260524_101029.jpg,pump_leakage,07693faa1d98f18df4cf5d97080a6c56c958ab78,,False
396,pump_leakage/IMG_20260524_101047.jpg,pump_leakage,7311c675c6060107063c99b38fa825ff6d29d1ff,,False
397,pump_leakage/IMG_20260524_101103.jpg,pump_leakage,f5d4e9a7f3c204faa14839fc8be1e09e0c7f0c36,,False
398,pump_leakage/IMG_20260524_101122.jpg,pump_leakage,8ddca56b181264c51f2a93b8dba8bbac8cb8bc5f,,False
399,pump_leakage/Screenshot 2026-04-18 132737.png,pump_leakage,6dff4068baa6e2ec5b5f3dc25fc0f00e515b8c68,,False
400,pump_leakage/Screenshot 2026-04-18 133002.png,pump_leakage,42635e9c313bdd23d6d8ab68c05d4f342f18d85f,,False
401,pump_leakage/Screenshot 2026-04-18 141323.png,pump_leakage,e27bdf39ffaf7213fb469297b2b21be4803d8e35,,False
402,pump_leakage/Screenshot 2026-04-18 141352.png,pump_leakage,cf4b8a22d8649e09a1d5b2b95c52a8d54615bbd0,,False
403,pump_leakage/Screenshot 2026-04-18 141421.png,pump_leakage,71bd9288ed661389ec29881960431c332e33e146,,False
404,pump_leakage/Screenshot 2026-04-18 143444.png,pump_leakage,4c38f8bf06dd31f64488a353c8709c7920fb88ea,,False
405,pump_leakage/Screenshot 2026-04-18 143544.png,pump_leakage,4b2264d6aba46b9176168d981f49a6cc476ce9df,,False
406,pump_leakage/Screenshot 2026-04-18 144617.png,pump_leakage,20c947ce48c954fca059fb70f5b2ff4eccd5802d,,False
407,pump_leakage/Screenshot 2026-04-19 115802.png,pump_leakage,68e076719efb3f781c69886331eea9e1597b0d43,,False
408,pump_leakage/Screenshot 2026-04-19 123456.png,pump_leakage,fcafecb77dc1c997b4bafb65f1032a10dedf48e0,,False
409,pump_leakage/Screenshot 2026-04-20 113234.png,pump_leakage,e82225ebe14340699bf4e3ca195406c0bd0ea090,,False
410,pump_leakage/Screenshot 2026-04-20 124509.png,pump_leakage,7ecdb1e56789ab4446e8313934254a009c15dcdc,,False
411,pump_leakage/Screenshot 2026-04-21 123322.png,pump_leakage,d6de5d2fa3c6954ff33e0e0c319d12fa699b305e,,False
412,pump_leakage/Screenshot 2026-04-21 123519.png,pump_leakage,f575efb9c0f89b3f2c157e4606bd598c8789dc28,,False
413,pump_leakage/Screenshot 2026-04-21 125202.png,pump_leakage,7a1cdf634e45fb2fff65dd859ead3ef7267a9421,,False
414,pump_leakage/Screenshot 2026-04-21 125232.png,pump_leakage,9a0f28955abb6f3619a09df29aefd1bf8420392a,,False
415,pump_leakage/Screenshot 2026-04-21 125243.png,pump_leakage,7db5067d42405866cb147b55aecebf05dac182e2,,False
416,pump_leakage/Screenshot 2026-04-21 130546.png,pump_leakage,16be098a1cc1c5f61ea13bb187b63fc5bcc6a8f1,,False
417,pump_leakage/Screenshot 2026-04-21 130611.png,pump_leakage,3fd6cd36d94f7ac4a72bc7b55961bb35c1bcd4a9,,False
418,pump_leakage/Screenshot 2026-04-21 132235.png,pump_leakage,03eb7e9580d04af19d0e2df413bc21f610dbd865,,False
419,pump_leakage/Screenshot 2026-04-21 133110.png,pump_leakage,7459d16a960f52df9a636c99678240cfe668741d,,False
420,pump_leakage/Screenshot 2026-04-21 133124.png,pump_leakage,a930a5e717b3db4581b657857f83f8f55c23e40e,,False
421,pump_leakage/Screenshot 2026-04-21 133129.png,pump_leakage,1d2188742f8dbaeaf4fa500266d4593472a3bb54,,False
422,pump_leakage/Screenshot 2026-04-23 115833.png,pump_leakage,4d44d4abc3ab0df3b551908e5309924e670ac7fc,,False
423,pump_leakage/Screenshot 2026-04-23 121219.png,pump_leakage,a7b9c10d6ef34ee5defcfbc4a04633adfa9dff53,,False
424,pump_leakage/Screenshot 2026-04-23 121233.png,pump_leakage,0065b2a10069cdf0e8f5ba6c2f40db108f323ef3,,False
425,pump_leakage/Screenshot 2026-04-23 125118.png,pump_leakage,2223b10f1c362371e1fae44944b441f6a810f6ba,,False
426,pump_leakage/Screenshot 2026-04-23 125123.png,pump_leakage,28941e33922b850132d85ccd9a2da144e5e23969,,False
427,pump_leakage/Screenshot 2026-04-23 125156.png,pump_leakage,ba8456e76ea4b004446a054dece0d70e91b663d2,,False
428,pump_leakage/Screenshot 2026-04-24 141751.png,pump_leakage,207385b434813c6eb57059961c6c7c9de731ec7e,,False
429,pump_leakage/Screenshot 2026-04-24 143108.png,pump_leakage,481c4fad8530329b8f8d5bc9be615f9124b85de5,,False
430,pump_leakage/Screenshot 2026-04-24 144736.png,pump_leakage,ef2be5347e97bf9c2bb4a9743be97b86a7eafa25,,False
431,pump_leakage/Screenshot 2026-04-24 144803.png,pump_leakage,4e38246e5d7b49e6ffbbc5659fb00bdcf8fab24d,,False
432,pump_leakage/Screenshot 2026-04-24 145222.png,pump_leakage,2da316f9aa779da75a9755a3efb94401e89bb760,,False
433,pump_leakage/Screenshot 2026-04-24 145839.png,pump_leakage,1e6f01ad1904aac6e5403d05dabe99ebbb19289c,,False
434,pump_leakage/Screenshot 2026-04-26 125249.png,pump_leakage,bad6fe9644a0d07fdf156a9e7fd648fbf2797e68,,False
435,pump_leakage/Screenshot 2026-04-26 125256.png,pump_leakage,b0a386588d56396ea785fb8af4c9fc050e704ab2,,False
436,pump_leakage/Screenshot 2026-04-26 125308.png,pump_leakage,da04ec5d1ca14e760b129dd2aebd384b929eb111,,False
437,pump_leakage/Screenshot 2026-04-26 131226.png,pump_leakage,d80e92e4e5fc51201a34d62491ca7cd05e9bdd74,,False
438,pump_leakage/Screenshot 2026-04-26 131827.png,pump_leakage,0d09634f6155957e6b13f20d28f2600d88121361,,False
439,pump_leakage/Screenshot 2026-04-27 094001.png,pump_leakage,d3d77796110b80812d0921812c454d45aef58264,d3d77796110b80812d0921812c454d45aef58264,True
440,pump_leakage/Screenshot 2026-04-27 095030.png,pump_leakage,6b494901eeca455b0c199f230576699e94183458,,False
441,pump_leakage/Screenshot 2026-04-27 095302.png,pump_leakage,24e682124d3e8351a6c64ebf4c15c4b59700d0ff,,False
442,pump_leakage/Screenshot 2026-04-27 095721.png,pump_leakage,c7363515b93e8a13d4844c5e1fd1b66aee250843,,False
443,pump_leakage/Screenshot 2026-04-27 095922.png,pump_leakage,3a5edf4b2fc1ae61c08661fafb2ec66347027d96,,False
444,pump_leakage/Screenshot 2026-04-27 095956.png,pump_leakage,e6ef4d1845d38b99a269b343db656239f65dc058,,False
445,pump_leakage/Screenshot 2026-04-27 135019.png,pump_leakage,a91721d52106f118d10cb2b6d030462309bd9a2a,,False
446,pump_leakage/Screenshot 2026-04-27 135111.png,pump_leakage,20bc4165b7171b983e0931211137dca8570450f3,,False
447,pump_leakage/Screenshot 2026-04-27 135132.png,pump_leakage,b36ecdf804c5847d6121f373f133d8880afdb937,,False
448,pump_leakage/Screenshot 2026-04-27 205131.png,pump_leakage,80c281f6e4c123de1de0bb4a29afb97d7d4d93d9,,False
449,pump_leakage/Screenshot 2026-04-27 205138.png,pump_leakage,1a5a2e4fc2b6b857c13ab76b1f5fc3a98666ab9f,,False
450,pump_leakage/Screenshot 2026-04-27 205212.png,pump_leakage,fa5106827fc4c23484ff3b0fd04c35962a3d98e4,,False
451,pump_leakage/Screenshot 2026-04-27 205225.png,pump_leakage,a6b8f81ceb57da1a4dcd2da1115600cec22a4d1a,,False
452,pump_leakage/Screenshot 2026-04-30 112048.png,pump_leakage,50af401f9c7b5c7b73d7b0fb3fb777b6503193c9,,False
453,pump_leakage/Screenshot 2026-05-01 085934.png,pump_leakage,7fae6a5d4c6e49d67cbcf084e594077f406ac0ab,,False
454,pump_leakage/Screenshot 2026-05-05 140627.png,pump_leakage,85804c6c8e43b4adde2d174ce766eab755598290,85804c6c8e43b4adde2d174ce766eab755598290,True
455,pump_leakage/Screenshot 2026-05-05 140639.png,pump_leakage,176da3a3da95409daf1155677cf096a5262a52de,176da3a3da95409daf1155677cf096a5262a52de,True
456,pump_leakage/Screenshot 2026-05-05 140648.png,pump_leakage,4d30394f598eeb6127398b19dbac64d54f60b7a3,4d30394f598eeb6127398b19dbac64d54f60b7a3,True
457,pump_leakage/Screenshot 2026-05-05 140715.png,pump_leakage,261658f81e6d308ba42127675a7b53a48f8774e9,,False
458,pump_leakage/Screenshot 2026-05-05 140726.png,pump_leakage,ecedf37912cdcf8d8c1955b2583c79ff23bfe1a4,ecedf37912cdcf8d8c1955b2583c79ff23bfe1a4,True
459,severe_insufficient_liquid_supply/IMG_20260524_100235.jpg,severe_insufficient_liquid_supply,76a986f5736f730bfa98d9cddc6120e010f83980,,False
460,severe_insufficient_liquid_supply/IMG_20260524_100308.jpg,severe_insufficient_liquid_supply,9feb494089ff7cefc783c65a0ee5f80ebabcd387,,False
461,severe_insufficient_liquid_supply/IMG_20260524_100339.jpg,severe_insufficient_liquid_supply,0c5a6a40f1adefb0818c42d3227f4f22c07a5348,,False
462,severe_insufficient_liquid_supply/IMG_20260524_100418.jpg,severe_insufficient_liquid_supply,16fe68ce33a685ef354eda61b4b862196b22e93f,,False
463,severe_insufficient_liquid_supply/IMG_20260524_100452.jpg,severe_insufficient_liquid_supply,6adf01f4692efa58fff98fc1545c608a3d17d4b3,,False
464,severe_insufficient_liquid_supply/IMG_20260524_100518.jpg,severe_insufficient_liquid_supply,1deece591ce23c33d7484cef6861fc1e977b2965,,False
465,severe_insufficient_liquid_supply/IMG_20260524_100535.jpg,severe_insufficient_liquid_supply,fa7388c0312f9506be62800140ca77b02acf3dc0,,False
466,severe_insufficient_liquid_supply/IMG_20260524_100553.jpg,severe_insufficient_liquid_supply,f5b2733a57c432ed6763484f524184e2290d9831,,False
467,severe_insufficient_liquid_supply/IMG_20260524_100619.jpg,severe_insufficient_liquid_supply,75e2aa0c0756c87387bc1f0ca04e5d597ad87551,,False
468,severe_insufficient_liquid_supply/Screenshot 2026-03-28 132939.png,severe_insufficient_liquid_supply,2592e9671a2a7c3f3981d55aa6663e8767decf09,,False
469,severe_insufficient_liquid_supply/Screenshot 2026-03-28 151222.png,severe_insufficient_liquid_supply,86e51e00b887bc0ea0380ef9350ac23847aadbfc,,False
470,severe_insufficient_liquid_supply/Screenshot 2026-03-28 152045.png,severe_insufficient_liquid_supply,266ab781adb15b5a878b902eebb4ec55062bf38f,,False
471,severe_insufficient_liquid_supply/Screenshot 2026-04-04 171338.png,severe_insufficient_liquid_supply,95b2d43399a5919b96b5914aa0e5b7fa5ba83f7b,,False
472,severe_insufficient_liquid_supply/Screenshot 2026-04-04 171443.png,severe_insufficient_liquid_supply,0629463d33de6c3dd86bdb7d9671f061465b1686,,False
473,severe_insufficient_liquid_supply/Screenshot 2026-04-04 171456.png,severe_insufficient_liquid_supply,4094dea66cc5cd9da23a2da7db57cb75f3fba45f,,False
474,severe_insufficient_liquid_supply/Screenshot 2026-04-07 082009.png,severe_insufficient_liquid_supply,c7426375228fc471d0406a00fcaf502442321991,,False
475,severe_insufficient_liquid_supply/Screenshot 2026-04-07 082054.png,severe_insufficient_liquid_supply,6783c813dfdf16f5f575e6b679456168a35cfad0,,False
476,severe_insufficient_liquid_supply/Screenshot 2026-04-18 131557.png,severe_insufficient_liquid_supply,fd38114faed6189c4109c508e03f6dc4cba9f0ed,,False
477,severe_insufficient_liquid_supply/Screenshot 2026-04-18 135527.png,severe_insufficient_liquid_supply,59edab55e04a08879ee8cc969e9b587a6e08fbdd,,False
478,severe_insufficient_liquid_supply/Screenshot 2026-04-18 135602.png,severe_insufficient_liquid_supply,2e15be1d7d0958a42a7c89490214b3363898a777,,False
479,severe_insufficient_liquid_supply/Screenshot 2026-04-18 141220.png,severe_insufficient_liquid_supply,0ac963cf5ddfe69d96779a2415cb7611fa82deae,,False
480,severe_insufficient_liquid_supply/Screenshot 2026-04-18 142238.png,severe_insufficient_liquid_supply,02ea8bdffe8dcbc40d454b68feb851d605e1a2bf,,False
481,severe_insufficient_liquid_supply/Screenshot 2026-04-18 142316.png,severe_insufficient_liquid_supply,e7b7000852ad5fe91e06cfffb06b8b3f1bd7f24a,,False
482,severe_insufficient_liquid_supply/Screenshot 2026-04-18 142408.png,severe_insufficient_liquid_supply,04783f16d57bad58d1e6fb3e11124abf7717e731,,False
483,severe_insufficient_liquid_supply/Screenshot 2026-04-18 142419.png,severe_insufficient_liquid_supply,80d71c2302b1f3c4dfe3e27ac9d334730c9eb88a,,False
484,severe_insufficient_liquid_supply/Screenshot 2026-04-18 142443.png,severe_insufficient_liquid_supply,555a0e2ef3c53ceedbf4e5445f840e4a58e6ac2e,,False
485,severe_insufficient_liquid_supply/Screenshot 2026-04-18 143330.png,severe_insufficient_liquid_supply,30c6c017d9cbec0a88b6006364de0e65a819fb66,,False
486,severe_insufficient_liquid_supply/Screenshot 2026-04-18 144520.png,severe_insufficient_liquid_supply,ff812a1b4fffc9275ee77734bc46ad60cd9e8242,,False
487,severe_insufficient_liquid_supply/Screenshot 2026-04-19 122133.png,severe_insufficient_liquid_supply,57166de671dc325f958a57276a3cb3825215ba95,,False
488,severe_insufficient_liquid_supply/Screenshot 2026-04-19 122145.png,severe_insufficient_liquid_supply,108a4a2a68a1ad2c3fd90b3b64b02cd87b3c6048,,False
489,severe_insufficient_liquid_supply/Screenshot 2026-04-20 113428.png,severe_insufficient_liquid_supply,cc8d119da2cfea122fe4b7eba94a141d7b263051,,False
490,severe_insufficient_liquid_supply/Screenshot 2026-04-20 124238.png,severe_insufficient_liquid_supply,0c0c68b16a625f62f82585ae46602cf04301e7bc,,False
491,severe_insufficient_liquid_supply/Screenshot 2026-04-20 144410.png,severe_insufficient_liquid_supply,96a041d2cda14df9addebc23a3f634c0594974c2,,False
492,severe_insufficient_liquid_supply/Screenshot 2026-04-20 144437.png,severe_insufficient_liquid_supply,30462b56a0e2513aeb33d80dd353446ba13f0352,,False
493,severe_insufficient_liquid_supply/Screenshot 2026-04-20 144453.png,severe_insufficient_liquid_supply,3ce1170b31ceafa3735293d43185d4aeaf4c1bfa,,False
494,severe_insufficient_liquid_supply/Screenshot 2026-04-21 123508.png,severe_insufficient_liquid_supply,15cca5f812a6bf45f22706bf9eb062e0504ddcc6,,False
495,severe_insufficient_liquid_supply/Screenshot 2026-04-21 123543.png,severe_insufficient_liquid_supply,c044d67d68594a7bff1cee23645a7b94fab6fbbf,,False
496,severe_insufficient_liquid_supply/Screenshot 2026-04-21 131447.png,severe_insufficient_liquid_supply,43807cf8973b1b7445da054116d96087a8e1b508,,False
497,severe_insufficient_liquid_supply/Screenshot 2026-04-22 154309.png,severe_insufficient_liquid_supply,44d5642339120d9efb59bec3d5a3a97b0a35beb7,,False
498,severe_insufficient_liquid_supply/Screenshot 2026-04-24 143556.png,severe_insufficient_liquid_supply,fa8d161edb489fcfc392b02c97b1152573a71ba8,,False
499,severe_insufficient_liquid_supply/Screenshot 2026-04-24 144827.png,severe_insufficient_liquid_supply,d281a993fde960fe6cbb161f8ee0e469c63febdb,,False
500,severe_insufficient_liquid_supply/Screenshot 2026-04-24 145228.png,severe_insufficient_liquid_supply,14e5d8f2a7f72a6de57dfdafd17cc2787ea0c727,,False
501,severe_insufficient_liquid_supply/Screenshot 2026-04-24 145325.png,severe_insufficient_liquid_supply,9c0e33cf990c090ffe5fbe4f0fa47144c3b5988a,,False
502,severe_insufficient_liquid_supply/Screenshot 2026-04-24 145800.png,severe_insufficient_liquid_supply,98649f3b08962140c9bceaa078b299c136b3481b,,False
503,severe_insufficient_liquid_supply/Screenshot 2026-04-24 151300.png,severe_insufficient_liquid_supply,900feac5047e102cea57244fafc964efead5898f,,False
504,severe_insufficient_liquid_supply/Screenshot 2026-04-24 151329.png,severe_insufficient_liquid_supply,c5c5495e1474d0cd14c0a0ce6551bfe6b80c574a,,False
505,severe_insufficient_liquid_supply/Screenshot 2026-04-24 151926.png,severe_insufficient_liquid_supply,79fd7ee5b4c19d2545cab64f1ee8df8538ff1c2d,,False
506,severe_insufficient_liquid_supply/Screenshot 2026-04-27 100041.png,severe_insufficient_liquid_supply,20496415622beb56eabb06c6aab4478813ebf1b0,,False
507,severe_insufficient_liquid_supply/Screenshot 2026-04-27 100358.png,severe_insufficient_liquid_supply,2e0a656fb0d190c5b84a64ce65da933c64625a57,,False
508,severe_insufficient_liquid_supply/Screenshot 2026-04-27 100928.png,severe_insufficient_liquid_supply,fe4150637bc0c97989bb79c28a0b0251f1583b7a,,False
509,severe_insufficient_liquid_supply/Screenshot 2026-04-30 112130.png,severe_insufficient_liquid_supply,924e7328c18382a5f10bcf8eab3358ad97f52b84,,False
510,severe_insufficient_liquid_supply/Screenshot 2026-04-30 112330.png,severe_insufficient_liquid_supply,e105e20720e12166ace97a05199e57253db178dc,,False
511,severe_vibration/Screenshot 2026-03-02 130019.png,severe_vibration,bfc92bbfeb5f2cc726f6a15efa0a832fd6d9afb0,,False
512,severe_vibration/Screenshot 2026-03-13 090929.png,severe_vibration,6f30e226ec779e9c172c985d321b02c27b45d44a,,False
513,severe_vibration/Screenshot 2026-03-13 090939.png,severe_vibration,6b9d438ed52b26d9096e73aefb5dd3679601859a,,False
514,severe_vibration/Screenshot 2026-04-04 171417.png,severe_vibration,ae31473533414f2f3d1244117d4d0741703f8760,ae31473533414f2f3d1244117d4d0741703f8760,True
515,severe_vibration/Screenshot 2026-04-04 171525.png,severe_vibration,96c3cfa70782e933bec47afa208a284a902fe2a9,96c3cfa70782e933bec47afa208a284a902fe2a9,True
516,severe_vibration/Screenshot 2026-04-04 172520.png,severe_vibration,a289460a82ebe15ad9d19b7078094820464cea70,,False
517,severe_vibration/Screenshot 2026-04-04 172531.png,severe_vibration,58714cc4779dad7b740264d9cdcc22796ceaad0b,,False
518,severe_vibration/Screenshot 2026-04-04 172549.png,severe_vibration,f71f6017fa7fed88f51240cdffa4d7c08282351d,,False
519,severe_vibration/Screenshot 2026-04-04 172641.png,severe_vibration,379bb1fc167b9ed10a1a948955561a3e4b5e59cc,,False
520,severe_vibration/Screenshot 2026-04-04 172650.png,severe_vibration,d838ded88c5ab48b43a13c64f045c07d1540f260,,False
521,severe_vibration/Screenshot 2026-04-07 081847.png,severe_vibration,620bcc11fb7a41a4ab3769f3a3af198223eb7a13,,False
522,severe_vibration/Screenshot 2026-04-07 081907.png,severe_vibration,23bec59ce0eca5423223f06b25750c27886b405d,,False
523,severe_vibration/Screenshot 2026-04-07 081916.png,severe_vibration,0e1530ba84ae2cce0498c73c71dfd94fddd848f5,,False
524,severe_vibration/Screenshot 2026-04-07 081940.png,severe_vibration,98fb49026e01731b17338ad01c852aca3fb978d4,,False
525,severe_vibration/Screenshot 2026-04-07 082028.png,severe_vibration,de64b24c8ff5fcd074758f075a77020113bb1e91,,False
526,severe_vibration/Screenshot 2026-04-18 125429.png,severe_vibration,6c8656d7e0771a10552ad4f4255a4bbef1d0bde0,,False
527,severe_vibration/Screenshot 2026-04-18 132758.png,severe_vibration,4da4a75a5ece362b459d3d160ae52f0d3e0ee8d4,,False
528,severe_vibration/Screenshot 2026-04-18 132817.png,severe_vibration,658a3cf2c137647174175b428a009ffcae4fcd92,,False
529,severe_vibration/Screenshot 2026-04-18 132836.png,severe_vibration,bf4646727665a9b1f0681b6fbd55ae60697abc22,,False
530,severe_vibration/Screenshot 2026-04-18 134008.png,severe_vibration,b65162a20951c98e0156e8a275d1a6664529745a,,False
531,severe_vibration/Screenshot 2026-04-18 134047.png,severe_vibration,692d57ea151edc8f5a2da9c0bcf59380061cf6f7,,False
532,severe_vibration/Screenshot 2026-04-18 134106.png,severe_vibration,71c6fa078d27905c66bb869cdeeb2f32f3d24212,,False
533,severe_vibration/Screenshot 2026-04-18 134128.png,severe_vibration,3b6c0d19b78b2196616aef7e30d6ce576ae83e04,,False
534,severe_vibration/Screenshot 2026-04-18 134149.png,severe_vibration,d95530e40032122dbe410641ca3f5252bd6363b7,,False
535,severe_vibration/Screenshot 2026-04-18 135628.png,severe_vibration,696e65352c3fd56428aa1b28f48278762141800c,,False
536,severe_vibration/Screenshot 2026-04-18 135707.png,severe_vibration,0b778e3eddcbea07b27c1ab42bb85234d276ba47,,False
537,severe_vibration/Screenshot 2026-04-18 141153.png,severe_vibration,f798f15cc0bfb588a8917f70f61b783f6dd06763,,False
538,severe_vibration/Screenshot 2026-04-18 141256.png,severe_vibration,3f73972e2f0dbd5c811bc05c07cb8be075d570b8,,False
539,severe_vibration/Screenshot 2026-04-18 141302.png,severe_vibration,4bc96e8aa5046a9d94ae77afc82a6e754525044b,,False
540,severe_vibration/Screenshot 2026-04-18 141313.png,severe_vibration,66005eb0e2d24037b59cb7b783792db62a2c6df4,,False
541,severe_vibration/Screenshot 2026-04-18 142323.png,severe_vibration,462ef53a09d008e3e0fcdf42a37acbca6c2896f5,,False
542,severe_vibration/Screenshot 2026-04-18 142349.png,severe_vibration,e28d413fe4393fe2e92a2e4d23b3414d2cdbd51a,,False
543,severe_vibration/Screenshot 2026-04-18 142429.png,severe_vibration,cad474bf081b7ee7aa0d02d6db2b9caa39da71fa,,False
544,severe_vibration/Screenshot 2026-04-18 143357.png,severe_vibration,1d3c410b39da31b30eae7dfe3c83f661ce670723,,False
545,severe_vibration/Screenshot 2026-04-18 143509.png,severe_vibration,2a0ff3f6061db25d85f3bd6cc9cfe2373e23d791,,False
546,severe_vibration/Screenshot 2026-04-18 143520.png,severe_vibration,22a8855634753eb6b44964216fd412ebbba64452,,False
547,severe_vibration/Screenshot 2026-04-18 144514.png,severe_vibration,e277d5f6ffc38894b5350d2b1c8fb9d02c4f144f,,False
548,severe_vibration/Screenshot 2026-04-18 144533.png,severe_vibration,f5a4fec403965c4b38587928268d537d756de767,,False
549,severe_vibration/Screenshot 2026-04-18 144551.png,severe_vibration,ddf202f5a0812cd718a8ba0c7c1fa1cf290ea329,,False
550,severe_vibration/Screenshot 2026-04-18 144612.png,severe_vibration,44aa519def49c5f7c911dc3e10770bcdf9e9da94,,False
551,severe_vibration/Screenshot 2026-04-18 144700.png,severe_vibration,29817317c554f5c9d82e732b890d3e586eca66cb,,False
552,severe_vibration/Screenshot 2026-04-19 115336.png,severe_vibration,2805438a119f034071d30b49410d66ad0fcbe731,,False
553,severe_vibration/Screenshot 2026-04-19 115442.png,severe_vibration,0eaf07df491fba8abcf53212b74559808fe9d7b4,,False
554,severe_vibration/Screenshot 2026-04-19 115742.png,severe_vibration,5fa5f63d200784ec1028635243b6c5a636bdba58,,False
555,severe_vibration/Screenshot 2026-04-19 115845.png,severe_vibration,6c808f706e3e344ff8adad21a83ced5dda2576e1,,False
556,severe_vibration/Screenshot 2026-04-19 115917.png,severe_vibration,d2f8ca4a213d8f5d1955355e18e6039b36a87245,,False
557,severe_vibration/Screenshot 2026-04-19 121934.png,severe_vibration,a1862eba677f4282bfe059b3f3a4b11ec303341d,,False
558,severe_vibration/Screenshot 2026-04-19 122009.png,severe_vibration,35b6529f0af8fc15d0255e12b9f503e447511e9c,,False
559,severe_vibration/Screenshot 2026-04-19 123440.png,severe_vibration,c2fe7e67dd2b4ae31fd2e632b2e15e49905ae773,,False
560,severe_vibration/Screenshot 2026-04-19 123449.png,severe_vibration,70470b70e647ab3320b9a1bf60735d1ae9a49b56,,False
561,severe_vibration/Screenshot 2026-04-20 113240.png,severe_vibration,5de0a123a90a11312d57df2c47a4cd9f930e786f,,False
562,severe_vibration/Screenshot 2026-04-20 113315.png,severe_vibration,064e01f23ab8bf9db49ca71f41ee56097c57ded6,,False
563,severe_vibration/Screenshot 2026-04-20 113330.png,severe_vibration,43aa040624599ec3dda4b382d7bf082c20ce1493,,False
564,severe_vibration/Screenshot 2026-04-20 113526.png,severe_vibration,99a472ca78c42519bd49ac1ca72fdbd3fd133e78,,False
565,severe_vibration/Screenshot 2026-04-20 124322.png,severe_vibration,42690d362b083afa99d73c1ba6fd04554b65aa25,,False
566,severe_vibration/Screenshot 2026-04-20 124344.png,severe_vibration,e6f28c1548956dc662f3c34565a98175047efcca,,False
567,severe_vibration/Screenshot 2026-04-20 124405.png,severe_vibration,c4b57c010403a13b541ceffb9c9178dbfae7affe,,False
568,severe_vibration/Screenshot 2026-04-20 124451.png,severe_vibration,461272114748b4fa288d752c61918ecbac1bdf46,,False
569,severe_vibration/Screenshot 2026-04-20 124517.png,severe_vibration,8bf312d86287d613f9c3fdb94f9bc2ae3da2ba4e,,False
570,severe_vibration/Screenshot 2026-04-20 124538.png,severe_vibration,67e407b0946062af1b91cf5f1fd7551a3771f694,,False
571,severe_vibration/Screenshot 2026-04-20 124848.png,severe_vibration,2360f2e520da2863e251f46a143058b6b310ca80,2360f2e520da2863e251f46a143058b6b310ca80,True
572,severe_vibration/Screenshot 2026-04-20 134621.png,severe_vibration,300315a64bb58b57539c06537a1f17f1840570ad,,False
573,severe_vibration/Screenshot 2026-04-20 135219.png,severe_vibration,323937b14faa2d016b883b8e3ae8e3b995d0c252,,False
574,severe_vibration/Screenshot 2026-04-20 141307.png,severe_vibration,f932caa83c275a81035140076e9f45a38c190fa2,,False
575,severe_vibration/Screenshot 2026-04-20 143113.png,severe_vibration,ce0c215f9ea742623738c8dd5247ac678475fc68,,False
576,severe_vibration/Screenshot 2026-04-20 144521.png,severe_vibration,ff7a89b7bae0da59234acc10b9c6d23ece8e2800,,False
577,severe_vibration/Screenshot 2026-04-21 123405.png,severe_vibration,5d741e4b298cd24f21de43d00fc4bae92ad00889,,False
578,severe_vibration/Screenshot 2026-04-21 123533.png,severe_vibration,c7bc487a2f5ceb57ef8716ee903bdba74ff742f9,,False
579,severe_vibration/Screenshot 2026-04-21 125036.png,severe_vibration,a99a5d53cf49bb7cf59af1d04c1cf410ed89af9e,,False
580,severe_vibration/Screenshot 2026-04-21 125110.png,severe_vibration,b2774574078c60f8635a6ca38b6e262d7806c9c1,,False
581,severe_vibration/Screenshot 2026-04-21 125207.png,severe_vibration,03caafccd6aab7359db5e7abe1f5d2500dac43fc,,False
582,severe_vibration/Screenshot 2026-04-21 125222.png,severe_vibration,0664ffdad4a3c6f1f314b40fe221e1a6f98acea6,,False
583,severe_vibration/Screenshot 2026-04-21 130351.png,severe_vibration,3576cd44e28ae619d741dd029ad1bce3bbdd0cd8,,False
584,severe_vibration/Screenshot 2026-04-21 130407.png,severe_vibration,c572adedd5e51a617bc7a913dcd0e7019d5cace1,,False
585,severe_vibration/Screenshot 2026-04-21 130428.png,severe_vibration,7dba16a0b4785b66094cf15520d769d25c3d2485,,False
586,severe_vibration/Screenshot 2026-04-21 131532.png,severe_vibration,7a109f44b8f411567771535199eafd7be0d2f2c9,,False
587,severe_vibration/Screenshot 2026-04-21 131549.png,severe_vibration,0bef97e66f1a4ac89e144cf913d2f435d306cd5e,,False
588,severe_vibration/Screenshot 2026-04-21 132326.png,severe_vibration,3f80bc1162ab34168633955744bdd8ad37d36a86,,False
589,severe_vibration/Screenshot 2026-04-21 132353.png,severe_vibration,30534ef8867af0503735abe4ac43c416e423e573,,False
590,severe_vibration/Screenshot 2026-04-21 132400.png,severe_vibration,d59404688d6f10c8c8ea61367fb3585ffa1e1b67,,False
591,severe_vibration/Screenshot 2026-04-21 132414.png,severe_vibration,dc6fe0b5db53d8f04504b781a06053c360b887e5,,False
592,severe_vibration/Screenshot 2026-04-21 133159.png,severe_vibration,0f9ffe913223ec11904f6f49999de17e0f4a6ed1,,False
593,severe_vibration/Screenshot 2026-04-21 133204.png,severe_vibration,db17fd74e900217f3394edb5e8a7d51412f25a65,,False
594,severe_vibration/Screenshot 2026-04-21 133220.png,severe_vibration,942fe3357fb63620ed1b0bce4be0900f8942cc42,,False
595,severe_vibration/Screenshot 2026-04-21 133454.png,severe_vibration,8f46e3e0d80bd83b23bbe4bc79a7d59098216655,,False
596,severe_vibration/Screenshot 2026-04-22 154209.png,severe_vibration,c5158e6e5978607491aad1b7a018b0100d7899e7,,False
597,severe_vibration/Screenshot 2026-04-22 154505.png,severe_vibration,e428552f6edf0b573c2ad082199eb85d2361b323,,False
598,severe_vibration/Screenshot 2026-04-22 155042.png,severe_vibration,c8e427c40a16b22bd46af0d9fcd8e101a32aaa34,,False
599,severe_vibration/Screenshot 2026-04-22 155240.png,severe_vibration,e040de2a4061a8496a3308af9310625fc85ed400,e040de2a4061a8496a3308af9310625fc85ed400,True
600,severe_vibration/Screenshot 2026-04-23 115825.png,severe_vibration,b9729d5de7f258c78fe2dacdf4be444b712c8592,,False
601,severe_vibration/Screenshot 2026-04-23 115905.png,severe_vibration,5024e250e8f6b7de1d3914087193c41fc3943b96,,False
602,severe_vibration/Screenshot 2026-04-23 115938.png,severe_vibration,c7d1cf6cea1accf0a1f9d05989f4ce7b2b914e25,,False
603,severe_vibration/Screenshot 2026-04-23 115944.png,severe_vibration,1fc5d04337d46916cb0e5e43f0476d6ffca5e945,,False
604,severe_vibration/Screenshot 2026-04-23 121116.png,severe_vibration,842cd82e0e13171212cfd1218de95f8a886a937c,,False
605,severe_vibration/Screenshot 2026-04-23 121127.png,severe_vibration,57e0fa3542c1e3cacfd6268bc078c9a7063f3e1a,,False
606,severe_vibration/Screenshot 2026-04-23 121323.png,severe_vibration,86295ab1c15b35d1d86827139ab4d155e8701bbf,,False
607,severe_vibration/Screenshot 2026-04-23 122147.png,severe_vibration,86dac323852c2f53e18fddeb5677171fb6c2e22a,,False
608,severe_vibration/Screenshot 2026-04-23 122853.png,severe_vibration,267796677a63817b2aa11de34d72bce57b97b6e9,,False
609,severe_vibration/Screenshot 2026-04-23 123040.png,severe_vibration,05726c5a6ba30058f6cbe9717647426440b60721,,False
610,severe_vibration/Screenshot 2026-04-23 123053.png,severe_vibration,1297f076c82b7b4220700d29e5355f29c4a4073d,,False
611,severe_vibration/Screenshot 2026-04-23 124231.png,severe_vibration,67ab04ef3f1d7126ffa49144f736cb3a6328a0cb,,False
612,severe_vibration/Screenshot 2026-04-23 124238.png,severe_vibration,49611ec541586029e1409418043b14759b0f114b,,False
613,severe_vibration/Screenshot 2026-04-23 124800.png,severe_vibration,298f484dd1e625c28cd04d0502add15e28b83921,,False
614,severe_vibration/Screenshot 2026-04-23 125548.png,severe_vibration,017ba100ad40338f758fda1af3d106d0510f11da,,False
615,severe_vibration/Screenshot 2026-04-23 130106.png,severe_vibration,4d1aeb192b16cfd1b796722f9825783202510f91,,False
616,severe_vibration/Screenshot 2026-04-23 130111.png,severe_vibration,597fe2db881600a258d64d01f8e4d47533458235,,False
617,severe_vibration/Screenshot 2026-04-24 141807.png,severe_vibration,18b49f1dff2a56dd361ec32bbdda44b7a5fcf0b2,,False
618,severe_vibration/Screenshot 2026-04-24 141821.png,severe_vibration,ef3332d6385b8412f77ba1a7bedab4554747687a,,False
619,severe_vibration/Screenshot 2026-04-24 142326.png,severe_vibration,f0543412ad359c8889a46d71dbbba5d4929796e7,,False
620,severe_vibration/Screenshot 2026-04-24 143611.png,severe_vibration,054910ee55a39e9d8a9daa6a2075afc40ee39213,,False
621,severe_vibration/Screenshot 2026-04-24 144403.png,severe_vibration,6b219faf709c5442510665de25a9c314bfb5e750,,False
622,severe_vibration/Screenshot 2026-04-24 144417.png,severe_vibration,71d62f91edad07970de01c8c09db0bea6fd743d5,,False
623,severe_vibration/Screenshot 2026-04-24 144746.png,severe_vibration,2b7ae8e5a13fb54ecf06cbca3de9035006020dbe,,False
624,severe_vibration/Screenshot 2026-04-24 144815.png,severe_vibration,210dfabd6bf895f64bd86847512814c663fb75d2,,False
625,severe_vibration/Screenshot 2026-04-24 145307.png,severe_vibration,37df6b226b3d17b41f91727955fdc7c55b06808b,,False
626,severe_vibration/Screenshot 2026-04-24 145313.png,severe_vibration,aa565fe8737cfcba07114f1ea519840d5e0d7fe8,,False
627,severe_vibration/Screenshot 2026-04-24 151305.png,severe_vibration,1754daee83a559cdbdd2eb8c92ec51365abbf899,,False
628,severe_vibration/Screenshot 2026-04-24 152402.png,severe_vibration,1b0819a694eceb7ac56e41851e35c1e548a23e0a,,False
629,severe_vibration/Screenshot 2026-04-26 125141.png,severe_vibration,f520be1205cae1486c94063ca7ed2d955af3c940,,False
630,severe_vibration/Screenshot 2026-04-27 095056.png,severe_vibration,82799f6d538f04ce4ea902eb9a1e8e99bd7ec74d,,False
631,severe_vibration/Screenshot 2026-04-27 095238.png,severe_vibration,82e9a519b19c2e729e33f56feb02e7b768739832,,False
632,severe_vibration/Screenshot 2026-04-27 101113.png,severe_vibration,e6fd8165b0d5aec4d060b4637112110f098bba51,,False
633,severe_vibration/Screenshot 2026-04-27 135738.png,severe_vibration,4769a3becb75fdb53263f04614928c94715594d2,,False
634,severe_vibration/Screenshot 2026-04-27 205145.png,severe_vibration,6b106e840a28f68cd1057dcd10d632901472ea14,,False
635,severe_vibration/Screenshot 2026-04-27 205154.png,severe_vibration,2b00a158742721b446c9757bc1d043dc4f2160bf,,False
636,severe_vibration/Screenshot 2026-04-30 112110.png,severe_vibration,7091d8a5f04a7e7f058dfa4bf49e015a5c105180,,False
637,severe_vibration/Screenshot 2026-04-30 112120.png,severe_vibration,9043384a362e0f883b442a8d94c73a96eaa5425c,,False
638,severe_vibration/Screenshot 2026-05-01 085823.png,severe_vibration,0e35b7c26909ebe4823bae8cc4e8a4da50521af1,,False
639,severe_vibration/Screenshot 2026-05-01 085915.png,severe_vibration,1480d125a3bfa312b500a55e5ef457a2c0c26892,,False
640,severe_vibration/Screenshot 2026-05-01 090023.png,severe_vibration,b512f6c9fb8835af95d7866075b8f98cf3386e7a,,False
641,severe_vibration/Screenshot 2026-05-01 090144.png,severe_vibration,3376a0e85ef3deb744a4a7287ab7de60eb26155d,,False
642,severe_vibration/Screenshot 2026-05-01 090330.png,severe_vibration,e8ca15c83fabc14b8d800fa2dc6009ed03df01bd,,False
643,severe_vibration/Screenshot 2026-05-01 090410.png,severe_vibration,45b1e86edfd1638911c0b5c33683b6eadfd3c85c,,False
644,vibration/Screenshot 2026-04-04 171656.png,vibration,093baa4dae1fa768afa6d1a10dae92df244f16b1,,False
645,vibration/Screenshot 2026-04-18 134015.png,vibration,5966517ab9afbbbeda43ff148a88e3b43d94c2ec,,False
646,vibration/Screenshot 2026-04-18 134037.png,vibration,a448c68a99898907d3ca8732e8b3a4b7077f67c3,,False
647,vibration/Screenshot 2026-04-18 135615.png,vibration,4ad5db120a23de3a4071b30f9e0f6eb7f1691f3a,,False
648,vibration/Screenshot 2026-04-18 141242.png,vibration,dd414ff6297eb56eba794c75027d65fd9c0e21cd,,False
649,vibration/Screenshot 2026-04-18 141328.png,vibration,26477982bdf2b1e2e541d03489408aa73e69ad71,,False
650,vibration/Screenshot 2026-04-18 143130.png,vibration,5623a64359d88731cb26b55885808e81efd6ab4a,,False
651,vibration/Screenshot 2026-04-18 143141.png,vibration,0c7f83ddb58c740815c8c2f64f4f08de5b171c53,,False
652,vibration/Screenshot 2026-04-18 144556.png,vibration,4d1fad7c7a4b2c06b946ad671e1821e5bd6acac0,,False
653,vibration/Screenshot 2026-04-19 115421.png,vibration,dd70ca6d916b785ba82484c49e3a7a9ea5ce3bc5,,False
654,vibration/Screenshot 2026-04-19 115509.png,vibration,b593c7793f2e0fc3b7d100a55f234f18b4b1d01d,,False
655,vibration/Screenshot 2026-04-19 115549.png,vibration,be340e45d9f786165ee7e8df21e81b1232b4fdcd,,False
656,vibration/Screenshot 2026-04-19 115635.png,vibration,4aafa06d0f4089cfe46927d73f6ec750da860c2b,,False
657,vibration/Screenshot 2026-04-19 121917.png,vibration,2ac36c3602c8ad1f7d8a0c6afd408d7bfc5b2afb,,False
658,vibration/Screenshot 2026-04-20 124642.png,vibration,fdd455c601eef058a6b5c64d2130e8186f950255,,False
659,vibration/Screenshot 2026-04-20 141654.png,vibration,addef2fc4ca103533f6ae8c905a0973e26cb546f,,False
660,vibration/Screenshot 2026-04-21 125025.png,vibration,8f4e4ac7e80a26e41608e3b66e3e89160af08c8a,,False
661,vibration/Screenshot 2026-04-21 130412.png,vibration,8da364568a873e8a7661f800058f79762903b705,,False
662,vibration/Screenshot 2026-04-21 130509.png,vibration,ac9b6552c7d19569b6d9fc38d59d958be4585583,,False
663,vibration/Screenshot 2026-04-21 132257.png,vibration,e95176ebaad29c9be4cc09b7d31c63fc4332171a,,False
664,vibration/Screenshot 2026-04-21 133105.png,vibration,2703e092f062c7eb8a919650dbf7a70a56500691,,False
665,vibration/Screenshot 2026-04-21 133511.png,vibration,28f9f7c4ad89bd2dfc96ed8b5a830855592b8736,,False
666,vibration/Screenshot 2026-04-22 154134.png,vibration,be82679a098628d8b7bebead363b08d9437d2e09,,False
667,vibration/Screenshot 2026-04-22 154146.png,vibration,e332966f07befbafe7b0a24154671c4f210a6c7c,,False
668,vibration/Screenshot 2026-04-22 154203.png,vibration,48f3c2616d03919f5f408fc415c2e7ad3ca16614,,False
669,vibration/Screenshot 2026-04-22 154236.png,vibration,2615678a91af022ffbfe4238cccecae726d69a25,2615678a91af022ffbfe4238cccecae726d69a25,True
670,vibration/Screenshot 2026-04-22 154324.png,vibration,7cfc25cd71b7d6c738861c8f06df845c66dbd0b3,,False
671,vibration/Screenshot 2026-04-22 154344.png,vibration,970d66f41abc33904bb9701b88a2e73592712135,,False
672,vibration/Screenshot 2026-04-22 154919.png,vibration,976216fab1a51a247a1cf5f366e9a987920a1925,,False
673,vibration/Screenshot 2026-04-22 155204.png,vibration,70bf43d4b232d37f1f4ab57241eb1e3caf73fd74,70bf43d4b232d37f1f4ab57241eb1e3caf73fd74,True
674,vibration/Screenshot 2026-04-23 121158.png,vibration,66d09aa0ab3090559d6eb9ea6557d01a1d710cdb,,False
675,vibration/Screenshot 2026-04-23 121225.png,vibration,3647add62d7f49543e13e05082eb4abfce3d4626,,False
676,vibration/Screenshot 2026-04-23 122238.png,vibration,980cd850ae5dab6196b2ad558a434f74c1df8676,,False
677,vibration/Screenshot 2026-04-23 124721.png,vibration,e4f0212e29f3c78e8fbe92588074e83021683cf0,,False
678,vibration/Screenshot 2026-04-24 141801.png,vibration,834e79a6d952a2cf23723bac77ac4c9b2215831b,,False
679,vibration/Screenshot 2026-04-24 144821.png,vibration,64c06580a4e1d8d535b6be28fa6bc0f2e7a9e561,,False
680,vibration/Screenshot 2026-04-24 151320.png,vibration,f064bef5aaeadeb26c1cdc71e7d4551b50c954a7,,False
681,vibration/Screenshot 2026-04-24 152407.png,vibration,95478a9053aa8e75868b4d37c1b56a1326644bf7,,False
682,vibration/Screenshot 2026-04-24 152425.png,vibration,9dea713c591449329cdef42600afc0c8ff3ccd28,9dea713c591449329cdef42600afc0c8ff3ccd28,True
683,vibration/Screenshot 2026-04-26 125747.png,vibration,2ae1fcc00338d291a0867b3434efe28e82030c9b,,False
684,vibration/Screenshot 2026-04-26 131840.png,vibration,9b1b53cc71b9c6e063c8ac1f6a7a94a7bf5697ea,,False
685,vibration/Screenshot 2026-04-27 094001.png,vibration,d3d77796110b80812d0921812c454d45aef58264,d3d77796110b80812d0921812c454d45aef58264,True
686,vibration/Screenshot 2026-04-27 094712.png,vibration,661034a1d93da1f5b48cfc1cb81ea62fc85d4d47,,False
687,vibration/Screenshot 2026-04-27 094720.png,vibration,3a6181ae27a0dde39b151a018cb4d33d62aa7240,,False
688,vibration/Screenshot 2026-04-27 095008.png,vibration,0e03f5f4499039d4be8c6761678e076f2c200b20,,False
689,vibration/Screenshot 2026-04-27 095135.png,vibration,d7bdc32a8b0ae60fa991811ce7a66e7af0851272,,False
690,vibration/Screenshot 2026-04-27 100339.png,vibration,cac78cbc2d2ce3a04354eb5922d998ffa7387677,,False
691,vibration/Screenshot 2026-04-27 101151.png,vibration,cfe0c4567dfceed6ff5a6e5176082368a550b1c7,,False
692,vibration/Screenshot 2026-04-27 135746.png,vibration,40b97f00793c418de984beb494b3420d4c6c9a8b,,False
693,vibration/Screenshot 2026-04-27 205254.png,vibration,cb8d288157ee8b567e396fcdf9d76d47a36a76a4,,False
694,vibration/Screenshot 2026-05-05 140658.png,vibration,5ff043ea3546230c4169b6cdf1d4904dac538114,5ff043ea3546230c4169b6cdf1d4904dac538114,True
