key,variant,epochs,batch,lr,f1_macro_val,f1_macro_test,accuracy_test,params,gflops,size_mb,inf_ms
m_ep25_bs8_lr1e-04,m,25,8,0.0001,0.1107781155015197,0.1159940872135994,0.2857142857142857,10366026,4.851194368,19.932,79.27
m_ep25_bs8_lr1e-03,m,25,8,0.001,0.7568688399722883,0.5614981684981685,0.5857142857142857,10366026,4.851194368,19.932,80.27
m_ep25_bs8_lr1e-02,m,25,8,0.01,0.7657289055973265,0.7175467608076304,0.7428571428571429,10366026,4.851194368,19.932,91.22
m_ep25_bs16_lr1e-04,m,25,16,0.0001,0.0978064516129032,0.1325932237369687,0.2857142857142857,10366026,4.851194368,59.501,113.3
m_ep25_bs16_lr1e-03,m,25,16,0.001,0.6734725703146756,0.5181872515568168,0.5285714285714286,10366026,4.851194368,19.932,88.76
m_ep25_bs16_lr1e-02,m,25,16,0.01,0.6577645093124969,0.5683047581073897,0.5857142857142857,10366026,4.851194368,19.932,87.26
m_ep25_bs32_lr1e-04,m,25,32,0.0001,0.1,0.1071741854636591,0.2714285714285714,10366026,4.851194368,19.932,138.39
m_ep25_bs32_lr1e-03,m,25,32,0.001,0.630958975664858,0.5244594011652836,0.5857142857142857,10366026,4.851194368,19.932,70.01
m_ep25_bs32_lr1e-02,m,25,32,0.01,0.7493186769657358,0.5941502941502942,0.6,10366026,4.851194368,19.932,113.32
m_ep50_bs8_lr1e-04,m,50,8,0.0001,0.0487179487179487,0.0349999999999999,0.2,10366026,4.851194368,59.5,39.8
n_ep25_bs8_lr1e-04,n,25,8,0.0001,0.2304257578170621,0.1694512862616311,0.2714285714285714,1543914,0.398312704,3.06,19.58
n_ep25_bs8_lr1e-03,n,25,8,0.001,0.5845580736831938,0.5722311466000106,0.6142857142857143,1543914,0.398312704,3.06,22.15
n_ep25_bs8_lr1e-02,n,25,8,0.01,0.6788532482010743,0.7808152958152957,0.7857142857142857,1543914,0.398312704,3.06,20.31
n_ep25_bs16_lr1e-04,n,25,16,0.0001,0.1711551606288448,0.3003989898989899,0.3714285714285714,1543914,0.398312704,3.06,22.94
n_ep25_bs16_lr1e-03,n,25,16,0.001,0.6737598437053972,0.6506569967096284,0.6571428571428571,1543914,0.398312704,3.06,20.81
n_ep25_bs16_lr1e-02,n,25,16,0.01,0.72269352511288,0.7028478526304613,0.7,1543914,0.398312704,3.06,20.17
n_ep25_bs32_lr1e-04,n,25,32,0.0001,0.1632330827067669,0.2111241727621037,0.3428571428571428,1543914,0.398312704,3.06,22.9
n_ep25_bs32_lr1e-03,n,25,32,0.001,0.5575911369332422,0.6560240655401945,0.6571428571428571,1543914,0.398312704,3.06,21.62
n_ep25_bs32_lr1e-02,n,25,32,0.01,0.7932869418163536,0.747260941489553,0.7428571428571429,1543914,0.398312704,3.06,20.52
n_ep50_bs8_lr1e-04,n,50,8,0.0001,0.3967032967032967,0.4704761904761905,0.5285714285714286,1543914,0.398312704,3.063,28.62
n_ep50_bs8_lr1e-03,n,50,8,0.001,0.655062656641604,0.5652263601329814,0.5857142857142857,1543914,0.398312704,3.063,26.76
n_ep50_bs8_lr1e-02,n,50,8,0.01,0.767965367965368,0.6849416748126426,0.7142857142857143,1543914,0.398312704,3.063,30.51
n_ep50_bs16_lr1e-04,n,50,16,0.0001,0.3716352419510313,0.5272153209109731,0.5857142857142857,1543914,0.398312704,3.063,19.98
n_ep50_bs16_lr1e-03,n,50,16,0.001,0.7446217817270449,0.6961904761904762,0.7,1543914,0.398312704,3.063,22.27
n_ep50_bs16_lr1e-02,n,50,16,0.01,0.8363602410661233,0.6979262088160347,0.7,1543914,0.398312704,3.063,19.79
n_ep50_bs32_lr1e-04,n,50,32,0.0001,0.3089760256595443,0.5106599933588268,0.5857142857142857,1543914,0.398312704,3.063,26.23
n_ep50_bs32_lr1e-03,n,50,32,0.001,0.7162002227791702,0.667147634973722,0.6714285714285714,1543914,0.398312704,3.062,28.73
n_ep50_bs32_lr1e-02,n,50,32,0.01,0.7241226737629001,0.6799096736596737,0.7142857142857143,1543914,0.398312704,3.063,25.88
s_ep25_bs8_lr1e-04,s,25,8,0.0001,0.1912194086107129,0.181328320802005,0.3285714285714285,5455818,1.486391808,10.536,73.5
s_ep25_bs8_lr1e-03,s,25,8,0.001,0.6208888888888889,0.5856668491151249,0.6285714285714286,5455818,1.486391808,10.536,76.31
s_ep25_bs8_lr1e-02,s,25,8,0.01,0.6812273330384786,0.572037037037037,0.5857142857142857,5455818,1.486391808,10.536,73.92
s_ep25_bs16_lr1e-04,s,25,16,0.0001,0.1133519587756875,0.1723199205166418,0.3142857142857143,5455818,1.486391808,10.536,50.54
s_ep25_bs16_lr1e-03,s,25,16,0.001,0.6115633499776723,0.587756796205072,0.6285714285714286,5455818,1.486391808,10.536,57.78
s_ep25_bs16_lr1e-02,s,25,16,0.01,0.6919158403254513,0.6275058275058275,0.6,5455818,1.486391808,10.536,46.32
s_ep25_bs32_lr1e-04,s,25,32,0.0001,0.0852380952380952,0.1251602564102564,0.2714285714285714,5455818,1.486391808,10.536,72.54
s_ep25_bs32_lr1e-03,s,25,32,0.001,0.5721829860470834,0.5371898790864308,0.6142857142857143,5455818,1.486391808,10.536,67.64
s_ep25_bs32_lr1e-02,s,25,32,0.01,0.7210139207198031,0.5999425287356323,0.6,5455818,1.486391808,10.536,59.59
s_ep50_bs8_lr1e-04,s,50,8,0.0001,0.3219298245614035,0.2646359191225056,0.4142857142857143,5455818,1.486391808,10.539,59.36
s_ep50_bs8_lr1e-03,s,50,8,0.001,0.7189336219336219,0.5756731588956653,0.6,5455818,1.486391808,10.538,35.02
s_ep50_bs8_lr1e-02,s,50,8,0.01,0.7256508365776101,0.5950955418850156,0.5857142857142857,5455818,1.486391808,10.538,31.87
s_ep50_bs16_lr1e-04,s,50,16,0.0001,0.3344298245614035,0.297024316973166,0.4571428571428571,5455818,1.486391808,10.539,49.97
s_ep50_bs16_lr1e-03,s,50,16,0.001,0.6899162776221599,0.5341753329684364,0.5571428571428572,5455818,1.486391808,10.537,30.6
s_ep50_bs16_lr1e-02,s,50,16,0.01,0.657703818369453,0.6238708513708514,0.6428571428571429,5455818,1.486391808,10.538,29.4
s_ep50_bs32_lr1e-04,s,50,32,0.0001,0.2503787878787878,0.2192604221175649,0.3714285714285714,5455818,1.486391808,10.539,76.39
s_ep50_bs32_lr1e-03,s,50,32,0.001,0.6710359231411862,0.5703296703296703,0.6142857142857143,5455818,1.486391808,10.539,28.82
s_ep50_bs32_lr1e-02,s,50,32,0.01,0.659032325317155,0.5957469654528478,0.5857142857142857,5455818,1.486391808,10.539,27.05
