# Per-fold merged macro-F1, the input to taxonomy_merge.csv.
#
# Kept so any scenario pair can be given a corrected paired interval without
# recomputing the merges. `recorded_f1_macro` is the value the run itself
# wrote; the baseline scenario must reproduce it exactly, and
# --verify-reference asserts that it does.
#
# built from 75 registry record(s)
# arms: mobilenetv3_small, resnet18, yolo26m, yolo26n, yolo26s
# scripts: 03_run_cv
# corpus: f04c12c0922c6597eb139af66ef91e9f8df56b6e
# registry sha1: f54363b409c11652
# generated: 2026-09-24T08:57:27+00:00
arm,fold,repeat,fold_index,scenario,n_classes,macro_f1,recorded_f1_macro,support,protocol
yolo26n,r0f0,0,0,baseline,10,0.5729683054073298,0.5729683054073298,134.0,uniform
yolo26n,r0f0,0,0,M1,9,0.613173214699271,0.5729683054073298,134.0,uniform
yolo26n,r0f0,0,0,M2,9,0.6024434162645546,0.5729683054073298,134.0,uniform
yolo26n,r0f0,0,0,M3,8,0.6513583280751414,0.5729683054073298,134.0,uniform
yolo26n,r0f0,0,0,M4,5,0.6832704072140692,0.5729683054073298,134.0,uniform
yolo26n,r0f0,0,0,M5,7,0.7108076785777133,0.5729683054073298,134.0,uniform
yolo26n,r0f1,0,1,baseline,10,0.39151779576043666,0.39151779576043666,134.0,uniform
yolo26n,r0f1,0,1,M1,9,0.4132019782608512,0.39151779576043666,134.0,uniform
yolo26n,r0f1,0,1,M2,9,0.4155840146070031,0.39151779576043666,134.0,uniform
yolo26n,r0f1,0,1,M3,8,0.4429869972757904,0.39151779576043666,134.0,uniform
yolo26n,r0f1,0,1,M4,5,0.4785268427541375,0.39151779576043666,134.0,uniform
yolo26n,r0f1,0,1,M5,7,0.5168217833356605,0.39151779576043666,134.0,uniform
yolo26n,r0f2,0,2,baseline,10,0.5457363194117286,0.5457363194117286,134.0,uniform
yolo26n,r0f2,0,2,M1,9,0.5706605641500369,0.5457363194117286,134.0,uniform
yolo26n,r0f2,0,2,M2,9,0.5611413138386481,0.5457363194117286,134.0,uniform
yolo26n,r0f2,0,2,M3,8,0.59110671347261,0.5457363194117286,134.0,uniform
yolo26n,r0f2,0,2,M4,5,0.6668723986769848,0.5457363194117286,134.0,uniform
yolo26n,r0f2,0,2,M5,7,0.6193930185227379,0.5457363194117286,134.0,uniform
yolo26n,r0f3,0,3,baseline,10,0.5646400741569628,0.5646400741569628,133.0,uniform
yolo26n,r0f3,0,3,M1,9,0.5786001485735824,0.5646400741569628,133.0,uniform
yolo26n,r0f3,0,3,M2,9,0.586219531617401,0.5646400741569628,133.0,uniform
yolo26n,r0f3,0,3,M3,8,0.6046220475186529,0.5646400741569628,133.0,uniform
yolo26n,r0f3,0,3,M4,5,0.6578074326088561,0.5646400741569628,133.0,uniform
yolo26n,r0f3,0,3,M5,7,0.6340933865709293,0.5646400741569628,133.0,uniform
yolo26n,r0f4,0,4,baseline,10,0.5415226368059185,0.5415226368059185,133.0,uniform
yolo26n,r0f4,0,4,M1,9,0.5546447013188384,0.5415226368059185,133.0,uniform
yolo26n,r0f4,0,4,M2,9,0.5889104098134026,0.5415226368059185,133.0,uniform
yolo26n,r0f4,0,4,M3,8,0.6095962040163729,0.5415226368059185,133.0,uniform
yolo26n,r0f4,0,4,M4,5,0.6476101467720643,0.5415226368059185,133.0,uniform
yolo26n,r0f4,0,4,M5,7,0.663801697277432,0.5415226368059185,133.0,uniform
yolo26n,r1f0,1,0,baseline,10,0.4925162727245822,0.4925162727245822,134.0,uniform
yolo26n,r1f0,1,0,M1,9,0.5148936939729779,0.4925162727245822,134.0,uniform
yolo26n,r1f0,1,0,M2,9,0.5048064405934513,0.4925162727245822,134.0,uniform
yolo26n,r1f0,1,0,M3,8,0.5315173104815049,0.4925162727245822,134.0,uniform
yolo26n,r1f0,1,0,M4,5,0.5507717236045009,0.4925162727245822,134.0,uniform
yolo26n,r1f0,1,0,M5,7,0.577619453578533,0.4925162727245822,134.0,uniform
yolo26n,r1f1,1,1,baseline,10,0.48344902646373233,0.48344902646373233,134.0,uniform
yolo26n,r1f1,1,1,M1,9,0.5012178725414019,0.48344902646373233,134.0,uniform
yolo26n,r1f1,1,1,M2,9,0.5193676965735788,0.48344902646373233,134.0,uniform
yolo26n,r1f1,1,1,M3,8,0.543847482174688,0.48344902646373233,134.0,uniform
yolo26n,r1f1,1,1,M4,5,0.6489019607843137,0.48344902646373233,134.0,uniform
yolo26n,r1f1,1,1,M5,7,0.5849328367710721,0.48344902646373233,134.0,uniform
yolo26n,r1f2,1,2,baseline,10,0.4901083778286295,0.4901083778286295,134.0,uniform
yolo26n,r1f2,1,2,M1,9,0.5251512840071192,0.4901083778286295,134.0,uniform
yolo26n,r1f2,1,2,M2,9,0.5218135415027101,0.4901083778286295,134.0,uniform
yolo26n,r1f2,1,2,M3,8,0.565199956412771,0.4901083778286295,134.0,uniform
yolo26n,r1f2,1,2,M4,5,0.6330629643161613,0.4901083778286295,134.0,uniform
yolo26n,r1f2,1,2,M5,7,0.6285278413424866,0.4901083778286295,134.0,uniform
yolo26n,r1f3,1,3,baseline,10,0.5359654964918124,0.5359654964918124,133.0,uniform
yolo26n,r1f3,1,3,M1,9,0.5502180730250905,0.5359654964918124,133.0,uniform
yolo26n,r1f3,1,3,M2,9,0.5847891230404891,0.5359654964918124,133.0,uniform
yolo26n,r1f3,1,3,M3,8,0.6069262249590118,0.5359654964918124,133.0,uniform
yolo26n,r1f3,1,3,M4,5,0.6678682847207437,0.5359654964918124,133.0,uniform
yolo26n,r1f3,1,3,M5,7,0.652648938363224,0.5359654964918124,133.0,uniform
yolo26n,r1f4,1,4,baseline,10,0.5716124634647788,0.5716124634647788,133.0,uniform
yolo26n,r1f4,1,4,M1,9,0.6100154475154475,0.5716124634647788,133.0,uniform
yolo26n,r1f4,1,4,M2,9,0.591521204326145,0.5716124634647788,133.0,uniform
yolo26n,r1f4,1,4,M3,8,0.6372131539908179,0.5716124634647788,133.0,uniform
yolo26n,r1f4,1,4,M4,5,0.6704380520641935,0.5716124634647788,133.0,uniform
yolo26n,r1f4,1,4,M5,7,0.677750630322059,0.5716124634647788,133.0,uniform
yolo26n,r2f0,2,0,baseline,10,0.5666119066958449,0.5666119066958449,134.0,uniform
yolo26n,r2f0,2,0,M1,9,0.6039407420457027,0.5666119066958449,134.0,uniform
yolo26n,r2f0,2,0,M2,9,0.5975945059637898,0.5666119066958449,134.0,uniform
yolo26n,r2f0,2,0,M3,8,0.6434622706408728,0.5666119066958449,134.0,uniform
yolo26n,r2f0,2,0,M4,5,0.7149692197266189,0.5666119066958449,134.0,uniform
yolo26n,r2f0,2,0,M5,7,0.6797429589571234,0.5666119066958449,134.0,uniform
yolo26n,r2f1,2,1,baseline,10,0.4866537842190016,0.4866537842190016,134.0,uniform
yolo26n,r2f1,2,1,M1,9,0.4983130457869432,0.4866537842190016,134.0,uniform
yolo26n,r2f1,2,1,M2,9,0.519985686169261,0.4866537842190016,134.0,uniform
yolo26n,r2f1,2,1,M3,8,0.5372688431769779,0.4866537842190016,134.0,uniform
yolo26n,r2f1,2,1,M4,5,0.5635294117647058,0.4866537842190016,134.0,uniform
yolo26n,r2f1,2,1,M5,7,0.5880690281973247,0.4866537842190016,134.0,uniform
yolo26n,r2f2,2,2,baseline,10,0.5784275463173347,0.5784275463173347,134.0,uniform
yolo26n,r2f2,2,2,M1,9,0.6038091121544038,0.5784275463173347,134.0,uniform
yolo26n,r2f2,2,2,M2,9,0.5987085384068696,0.5784275463173347,134.0,uniform
yolo26n,r2f2,2,2,M3,8,0.6297979239847642,0.5784275463173347,134.0,uniform
yolo26n,r2f2,2,2,M4,5,0.6562469176393227,0.5784275463173347,134.0,uniform
yolo26n,r2f2,2,2,M5,7,0.7008250750411029,0.5784275463173347,134.0,uniform
yolo26n,r2f3,2,3,baseline,10,0.48283892207462004,0.48283892207462004,133.0,uniform
yolo26n,r2f3,2,3,M1,9,0.518126670244563,0.48283892207462004,133.0,uniform
yolo26n,r2f3,2,3,M2,9,0.5135197385506256,0.48283892207462004,133.0,uniform
yolo26n,r2f3,2,3,M3,8,0.5570535573013121,0.48283892207462004,133.0,uniform
yolo26n,r2f3,2,3,M4,5,0.6645689667014283,0.48283892207462004,133.0,uniform
yolo26n,r2f3,2,3,M5,7,0.6059542796384901,0.48283892207462004,133.0,uniform
yolo26n,r2f4,2,4,baseline,10,0.541551346067475,0.541551346067475,133.0,uniform
yolo26n,r2f4,2,4,M1,9,0.5633834327462959,0.541551346067475,133.0,uniform
yolo26n,r2f4,2,4,M2,9,0.5593135657651787,0.541551346067475,133.0,uniform
yolo26n,r2f4,2,4,M3,8,0.5860949407410649,0.541551346067475,133.0,uniform
yolo26n,r2f4,2,4,M4,5,0.6043031331995679,0.541551346067475,133.0,uniform
yolo26n,r2f4,2,4,M5,7,0.6315866845499254,0.541551346067475,133.0,uniform
yolo26s,r0f0,0,0,baseline,10,0.5301901009267451,0.5301901009267451,134.0,uniform
yolo26s,r0f0,0,0,M1,9,0.5645934420645375,0.5301901009267451,134.0,uniform
yolo26s,r0f0,0,0,M2,9,0.5737420683385115,0.5301901009267451,134.0,uniform
yolo26s,r0f0,0,0,M3,8,0.617889823044999,0.5301901009267451,134.0,uniform
yolo26s,r0f0,0,0,M4,5,0.5882015193996428,0.5301901009267451,134.0,uniform
yolo26s,r0f0,0,0,M5,7,0.675561852648036,0.5301901009267451,134.0,uniform
yolo26s,r0f1,0,1,baseline,10,0.4401336344814605,0.4401336344814605,134.0,uniform
yolo26s,r0f1,0,1,M1,9,0.4890373716460673,0.4401336344814605,134.0,uniform
yolo26s,r0f1,0,1,M2,9,0.48537327974668126,0.4401336344814605,134.0,uniform
yolo26s,r0f1,0,1,M3,8,0.5460449397150164,0.4401336344814605,134.0,uniform
yolo26s,r0f1,0,1,M4,5,0.6311103271893466,0.4401336344814605,134.0,uniform
yolo26s,r0f1,0,1,M5,7,0.6056427462289263,0.4401336344814605,134.0,uniform
yolo26s,r0f2,0,2,baseline,10,0.47061520629471953,0.47061520629471953,134.0,uniform
yolo26s,r0f2,0,2,M1,9,0.5179136514215682,0.47061520629471953,134.0,uniform
yolo26s,r0f2,0,2,M2,9,0.5037195048959755,0.47061520629471953,134.0,uniform
yolo26s,r0f2,0,2,M3,8,0.5610682929888373,0.47061520629471953,134.0,uniform
yolo26s,r0f2,0,2,M4,5,0.6094451792551341,0.47061520629471953,134.0,uniform
yolo26s,r0f2,0,2,M5,7,0.5603133561116754,0.47061520629471953,134.0,uniform
yolo26s,r0f3,0,3,baseline,10,0.558520442965204,0.558520442965204,133.0,uniform
yolo26s,r0f3,0,3,M1,9,0.6023964517795195,0.558520442965204,133.0,uniform
yolo26s,r0f3,0,3,M2,9,0.6044032326949691,0.558520442965204,133.0,uniform
yolo26s,r0f3,0,3,M3,8,0.6594990913272949,0.558520442965204,133.0,uniform
yolo26s,r0f3,0,3,M4,5,0.69403128840469,0.558520442965204,133.0,uniform
yolo26s,r0f3,0,3,M5,7,0.6952684240804886,0.558520442965204,133.0,uniform
yolo26s,r0f4,0,4,baseline,10,0.4733632537008751,0.4733632537008751,133.0,uniform
yolo26s,r0f4,0,4,M1,9,0.5028914251619849,0.4733632537008751,133.0,uniform
yolo26s,r0f4,0,4,M2,9,0.509044171488272,0.4733632537008751,133.0,uniform
yolo26s,r0f4,0,4,M3,8,0.546723479105445,0.4733632537008751,133.0,uniform
yolo26s,r0f4,0,4,M4,5,0.5956908282737985,0.4733632537008751,133.0,uniform
yolo26s,r0f4,0,4,M5,7,0.5742977327342652,0.4733632537008751,133.0,uniform
yolo26s,r1f0,1,0,baseline,10,0.5327766619844418,0.5327766619844418,134.0,uniform
yolo26s,r1f0,1,0,M1,9,0.5543609949682057,0.5327766619844418,134.0,uniform
yolo26s,r1f0,1,0,M2,9,0.5996290746290747,0.5327766619844418,134.0,uniform
yolo26s,r1f0,1,0,M3,8,0.6322680008163879,0.5327766619844418,134.0,uniform
yolo26s,r1f0,1,0,M4,5,0.6592847152847153,0.5327766619844418,134.0,uniform
yolo26s,r1f0,1,0,M5,7,0.6800734323793941,0.5327766619844418,134.0,uniform
yolo26s,r1f1,1,1,baseline,10,0.5187538689344812,0.5187538689344812,134.0,uniform
yolo26s,r1f1,1,1,M1,9,0.5510566623684539,0.5187538689344812,134.0,uniform
yolo26s,r1f1,1,1,M2,9,0.568854417407588,0.5187538689344812,134.0,uniform
yolo26s,r1f1,1,1,M3,8,0.6114576285799456,0.5187538689344812,134.0,uniform
yolo26s,r1f1,1,1,M4,5,0.6511874972700509,0.5187538689344812,134.0,uniform
yolo26s,r1f1,1,1,M5,7,0.6578397309564805,0.5187538689344812,134.0,uniform
yolo26s,r1f2,1,2,baseline,10,0.4443232560838788,0.4443232560838788,134.0,uniform
yolo26s,r1f2,1,2,M1,9,0.4798394829777634,0.4443232560838788,134.0,uniform
yolo26s,r1f2,1,2,M2,9,0.4539250699944989,0.4443232560838788,134.0,uniform
yolo26s,r1f2,1,2,M3,8,0.49508105198894675,0.4443232560838788,134.0,uniform
yolo26s,r1f2,1,2,M4,5,0.512396083448715,0.4443232560838788,134.0,uniform
yolo26s,r1f2,1,2,M5,7,0.5170056367356186,0.4443232560838788,134.0,uniform
yolo26s,r1f3,1,3,baseline,10,0.4687188523266229,0.4687188523266229,133.0,uniform
yolo26s,r1f3,1,3,M1,9,0.4977828517914858,0.4687188523266229,133.0,uniform
yolo26s,r1f3,1,3,M2,9,0.5297550260039603,0.4687188523266229,133.0,uniform
yolo26s,r1f3,1,3,M3,8,0.5700815471115983,0.4687188523266229,133.0,uniform
yolo26s,r1f3,1,3,M4,5,0.562242905601059,0.4687188523266229,133.0,uniform
yolo26s,r1f3,1,3,M5,7,0.6204328108054816,0.4687188523266229,133.0,uniform
yolo26s,r1f4,1,4,baseline,10,0.4298064587742007,0.4298064587742007,133.0,uniform
yolo26s,r1f4,1,4,M1,9,0.4612539072904165,0.4298064587742007,133.0,uniform
yolo26s,r1f4,1,4,M2,9,0.4718256223126558,0.4298064587742007,133.0,uniform
yolo26s,r1f4,1,4,M3,8,0.5124563973357055,0.4298064587742007,133.0,uniform
yolo26s,r1f4,1,4,M4,5,0.5167110536522301,0.4298064587742007,133.0,uniform
yolo26s,r1f4,1,4,M5,7,0.5654584426490646,0.4298064587742007,133.0,uniform
yolo26s,r2f0,2,0,baseline,10,0.5844806415501462,0.5844806415501462,134.0,uniform
yolo26s,r2f0,2,0,M1,9,0.6052672539508844,0.5844806415501462,134.0,uniform
yolo26s,r2f0,2,0,M2,9,0.6195434954988593,0.5844806415501462,134.0,uniform
yolo26s,r2f0,2,0,M3,8,0.6473112911932787,0.5844806415501462,134.0,uniform
yolo26s,r2f0,2,0,M4,5,0.641017316017316,0.5844806415501462,134.0,uniform
yolo26s,r2f0,2,0,M5,7,0.6766741096820955,0.5844806415501462,134.0,uniform
yolo26s,r2f1,2,1,baseline,10,0.4951290911817227,0.4951290911817227,134.0,uniform
yolo26s,r2f1,2,1,M1,9,0.5324738614212299,0.4951290911817227,134.0,uniform
yolo26s,r2f1,2,1,M2,9,0.5536880381909621,0.4951290911817227,134.0,uniform
yolo26s,r2f1,2,1,M3,8,0.6030207730865625,0.4951290911817227,134.0,uniform
yolo26s,r2f1,2,1,M4,5,0.5883818344597003,0.4951290911817227,134.0,uniform
yolo26s,r2f1,2,1,M5,7,0.6276281362747529,0.4951290911817227,134.0,uniform
yolo26s,r2f2,2,2,baseline,10,0.549129836356463,0.549129836356463,134.0,uniform
yolo26s,r2f2,2,2,M1,9,0.6062993159767354,0.549129836356463,134.0,uniform
yolo26s,r2f2,2,2,M2,9,0.5774798886975514,0.549129836356463,134.0,uniform
yolo26s,r2f2,2,2,M3,8,0.645339309812994,0.549129836356463,134.0,uniform
yolo26s,r2f2,2,2,M4,5,0.6469313527721743,0.549129836356463,134.0,uniform
yolo26s,r2f2,2,2,M5,7,0.681937110508539,0.549129836356463,134.0,uniform
yolo26s,r2f3,2,3,baseline,10,0.4917931018898935,0.4917931018898935,133.0,uniform
yolo26s,r2f3,2,3,M1,9,0.49217133881976566,0.4917931018898935,133.0,uniform
yolo26s,r2f3,2,3,M2,9,0.5196550008208551,0.4917931018898935,133.0,uniform
yolo26s,r2f3,2,3,M3,8,0.5235632547333315,0.4917931018898935,133.0,uniform
yolo26s,r2f3,2,3,M4,5,0.5594731205825658,0.4917931018898935,133.0,uniform
yolo26s,r2f3,2,3,M5,7,0.547156773157024,0.4917931018898935,133.0,uniform
yolo26s,r2f4,2,4,baseline,10,0.5705741959847145,0.5705741959847145,133.0,uniform
yolo26s,r2f4,2,4,M1,9,0.5942377356295396,0.5705741959847145,133.0,uniform
yolo26s,r2f4,2,4,M2,9,0.6165110114115875,0.5705741959847145,133.0,uniform
yolo26s,r2f4,2,4,M3,8,0.6488745954403751,0.5705741959847145,133.0,uniform
yolo26s,r2f4,2,4,M4,5,0.7116825716753732,0.5705741959847145,133.0,uniform
yolo26s,r2f4,2,4,M5,7,0.6856965331109955,0.5705741959847145,133.0,uniform
yolo26m,r0f0,0,0,baseline,10,0.5248505174380965,0.5248505174380965,134.0,uniform
yolo26m,r0f0,0,0,M1,9,0.5438229545003299,0.5248505174380965,134.0,uniform
yolo26m,r0f0,0,0,M2,9,0.5652047343818913,0.5248505174380965,134.0,uniform
yolo26m,r0f0,0,0,M3,8,0.5915930031948783,0.5248505174380965,134.0,uniform
yolo26m,r0f0,0,0,M4,5,0.666723097050803,0.5248505174380965,134.0,uniform
yolo26m,r0f0,0,0,M5,7,0.6546919474781271,0.5248505174380965,134.0,uniform
yolo26m,r0f1,0,1,baseline,10,0.3991113871108641,0.3991113871108641,134.0,uniform
yolo26m,r0f1,0,1,M1,9,0.4342268089300242,0.3991113871108641,134.0,uniform
yolo26m,r0f1,0,1,M2,9,0.41843257996653505,0.3991113871108641,134.0,uniform
yolo26m,r0f1,0,1,M3,8,0.46035257862004897,0.3991113871108641,134.0,uniform
yolo26m,r0f1,0,1,M4,5,0.5114362691525939,0.3991113871108641,134.0,uniform
yolo26m,r0f1,0,1,M5,7,0.5257358275628568,0.3991113871108641,134.0,uniform
yolo26m,r0f2,0,2,baseline,10,0.5907489894577249,0.5907489894577249,134.0,uniform
yolo26m,r0f2,0,2,M1,9,0.6310472529187474,0.5907489894577249,134.0,uniform
yolo26m,r0f2,0,2,M2,9,0.6236067394234629,0.5907489894577249,134.0,uniform
yolo26m,r0f2,0,2,M3,8,0.6730495045628307,0.5907489894577249,134.0,uniform
yolo26m,r0f2,0,2,M4,5,0.7346669107744457,0.5907489894577249,134.0,uniform
yolo26m,r0f2,0,2,M5,7,0.7140920261274593,0.5907489894577249,134.0,uniform
yolo26m,r0f3,0,3,baseline,10,0.6016448945187016,0.6016448945187016,133.0,uniform
yolo26m,r0f3,0,3,M1,9,0.6037801565505702,0.6016448945187016,133.0,uniform
yolo26m,r0f3,0,3,M2,9,0.6513825038811784,0.6016448945187016,133.0,uniform
yolo26m,r0f3,0,3,M3,8,0.6600018748373402,0.6016448945187016,133.0,uniform
yolo26m,r0f3,0,3,M4,5,0.6940973675250286,0.6016448945187016,133.0,uniform
yolo26m,r0f3,0,3,M5,7,0.7029485712426744,0.6016448945187016,133.0,uniform
yolo26m,r0f4,0,4,baseline,10,0.4584297974567252,0.4584297974567252,133.0,uniform
yolo26m,r0f4,0,4,M1,9,0.5013376487060698,0.4584297974567252,133.0,uniform
yolo26m,r0f4,0,4,M2,9,0.5030240186094939,0.4584297974567252,133.0,uniform
yolo26m,r0f4,0,4,M3,8,0.5568696289091026,0.4584297974567252,133.0,uniform
yolo26m,r0f4,0,4,M4,5,0.6004152292810557,0.4584297974567252,133.0,uniform
yolo26m,r0f4,0,4,M5,7,0.6189821235818582,0.4584297974567252,133.0,uniform
yolo26m,r1f0,1,0,baseline,10,0.5214014071474053,0.5214014071474053,134.0,uniform
yolo26m,r1f0,1,0,M1,9,0.5391420010944417,0.5214014071474053,134.0,uniform
yolo26m,r1f0,1,0,M2,9,0.5653227006148644,0.5214014071474053,134.0,uniform
yolo26m,r1f0,1,0,M3,8,0.5907710304887126,0.5214014071474053,134.0,uniform
yolo26m,r1f0,1,0,M4,5,0.6732565774647126,0.5214014071474053,134.0,uniform
yolo26m,r1f0,1,0,M5,7,0.6401497960886483,0.5214014071474053,134.0,uniform
yolo26m,r1f1,1,1,baseline,10,0.5132114562887861,0.5132114562887861,134.0,uniform
yolo26m,r1f1,1,1,M1,9,0.5385610807649788,0.5132114562887861,134.0,uniform
yolo26m,r1f1,1,1,M2,9,0.5309322978235805,0.5132114562887861,134.0,uniform
yolo26m,r1f1,1,1,M3,8,0.5616657305511468,0.5132114562887861,134.0,uniform
yolo26m,r1f1,1,1,M4,5,0.649017265560768,0.5132114562887861,134.0,uniform
yolo26m,r1f1,1,1,M5,7,0.5866571745355635,0.5132114562887861,134.0,uniform
yolo26m,r1f2,1,2,baseline,10,0.46640135057497056,0.46640135057497056,134.0,uniform
yolo26m,r1f2,1,2,M1,9,0.5205349709350383,0.46640135057497056,134.0,uniform
yolo26m,r1f2,1,2,M2,9,0.4994287386055679,0.46640135057497056,134.0,uniform
yolo26m,r1f2,1,2,M3,8,0.5644574850144688,0.46640135057497056,134.0,uniform
yolo26m,r1f2,1,2,M4,5,0.6265221088435374,0.46640135057497056,134.0,uniform
yolo26m,r1f2,1,2,M5,7,0.6438879210220673,0.46640135057497056,134.0,uniform
yolo26m,r1f3,1,3,baseline,10,0.5432608396704524,0.5432608396704524,133.0,uniform
yolo26m,r1f3,1,3,M1,9,0.54890150807644,0.5432608396704524,133.0,uniform
yolo26m,r1f3,1,3,M2,9,0.5776361792024154,0.5432608396704524,133.0,uniform
yolo26m,r1f3,1,3,M3,8,0.5882788486006469,0.5432608396704524,133.0,uniform
yolo26m,r1f3,1,3,M4,5,0.6102674290479169,0.5432608396704524,133.0,uniform
yolo26m,r1f3,1,3,M5,7,0.6174846113554865,0.5432608396704524,133.0,uniform
yolo26m,r1f4,1,4,baseline,10,0.5936175496452158,0.5936175496452158,133.0,uniform
yolo26m,r1f4,1,4,M1,9,0.6076505816682499,0.5936175496452158,133.0,uniform
yolo26m,r1f4,1,4,M2,9,0.6333100194400504,0.5936175496452158,133.0,uniform
yolo26m,r1f4,1,4,M3,8,0.6540587391903181,0.5936175496452158,133.0,uniform
yolo26m,r1f4,1,4,M4,5,0.7221991664096927,0.5936175496452158,133.0,uniform
yolo26m,r1f4,1,4,M5,7,0.689733858455663,0.5936175496452158,133.0,uniform
yolo26m,r2f0,2,0,baseline,10,0.5838528563848355,0.5838528563848355,134.0,uniform
yolo26m,r2f0,2,0,M1,9,0.6212894985472531,0.5838528563848355,134.0,uniform
yolo26m,r2f0,2,0,M2,9,0.620926397595917,0.5838528563848355,134.0,uniform
yolo26m,r2f0,2,0,M3,8,0.6676768126800219,0.5838528563848355,134.0,uniform
yolo26m,r2f0,2,0,M4,5,0.7759354081406047,0.5838528563848355,134.0,uniform
yolo26m,r2f0,2,0,M5,7,0.7121996844111443,0.5838528563848355,134.0,uniform
yolo26m,r2f1,2,1,baseline,10,0.48720637002289513,0.48720637002289513,134.0,uniform
yolo26m,r2f1,2,1,M1,9,0.5329819395427845,0.48720637002289513,134.0,uniform
yolo26m,r2f1,2,1,M2,9,0.5184568132529522,0.48720637002289513,134.0,uniform
yolo26m,r2f1,2,1,M3,8,0.573860634366585,0.48720637002289513,134.0,uniform
yolo26m,r2f1,2,1,M4,5,0.5797808370516762,0.48720637002289513,134.0,uniform
yolo26m,r2f1,2,1,M5,7,0.6018666353545284,0.48720637002289513,134.0,uniform
yolo26m,r2f2,2,2,baseline,10,0.5337120008707471,0.5337120008707471,134.0,uniform
yolo26m,r2f2,2,2,M1,9,0.5483378896253854,0.5337120008707471,134.0,uniform
yolo26m,r2f2,2,2,M2,9,0.5583287738326498,0.5337120008707471,134.0,uniform
yolo26m,r2f2,2,2,M3,8,0.5778599953018558,0.5337120008707471,134.0,uniform
yolo26m,r2f2,2,2,M4,5,0.6607863873635684,0.5337120008707471,134.0,uniform
yolo26m,r2f2,2,2,M5,7,0.5982363101795503,0.5337120008707471,134.0,uniform
yolo26m,r2f3,2,3,baseline,10,0.5115930135700932,0.5115930135700932,133.0,uniform
yolo26m,r2f3,2,3,M1,9,0.5296722771350731,0.5115930135700932,133.0,uniform
yolo26m,r2f3,2,3,M2,9,0.5467750920129748,0.5115930135700932,133.0,uniform
yolo26m,r2f3,2,3,M3,8,0.5715120233289372,0.5115930135700932,133.0,uniform
yolo26m,r2f3,2,3,M4,5,0.6353317565818635,0.5115930135700932,133.0,uniform
yolo26m,r2f3,2,3,M5,7,0.622292928458342,0.5115930135700932,133.0,uniform
yolo26m,r2f4,2,4,baseline,10,0.6218876232191854,0.6218876232191854,133.0,uniform
yolo26m,r2f4,2,4,M1,9,0.6477895331828113,0.6218876232191854,133.0,uniform
yolo26m,r2f4,2,4,M2,9,0.6490742505537642,0.6218876232191854,133.0,uniform
yolo26m,r2f4,2,4,M3,8,0.6816122276796656,0.6218876232191854,133.0,uniform
yolo26m,r2f4,2,4,M4,5,0.7413701918457785,0.6218876232191854,133.0,uniform
yolo26m,r2f4,2,4,M5,7,0.7247288826405409,0.6218876232191854,133.0,uniform
mobilenetv3_small,r0f0,0,0,baseline,10,0.6715457801157598,0.6715457801157598,134.0,uniform
mobilenetv3_small,r0f0,0,0,M1,9,0.6946075954696644,0.6715457801157598,134.0,uniform
mobilenetv3_small,r0f0,0,0,M2,9,0.7049045535981281,0.6715457801157598,134.0,uniform
mobilenetv3_small,r0f0,0,0,M3,8,0.7350189425565667,0.6715457801157598,134.0,uniform
mobilenetv3_small,r0f0,0,0,M4,5,0.729861178369653,0.6715457801157598,134.0,uniform
mobilenetv3_small,r0f0,0,0,M5,7,0.7934533106766677,0.6715457801157598,134.0,uniform
mobilenetv3_small,r0f1,0,1,baseline,10,0.6097699120280426,0.6097699120280426,134.0,uniform
mobilenetv3_small,r0f1,0,1,M1,9,0.6388120492505444,0.6097699120280426,134.0,uniform
mobilenetv3_small,r0f1,0,1,M2,9,0.651323867394993,0.6097699120280426,134.0,uniform
mobilenetv3_small,r0f1,0,1,M3,8,0.6891905161911762,0.6097699120280426,134.0,uniform
mobilenetv3_small,r0f1,0,1,M4,5,0.7686950151764643,0.6097699120280426,134.0,uniform
mobilenetv3_small,r0f1,0,1,M5,7,0.7246210941344534,0.6097699120280426,134.0,uniform
mobilenetv3_small,r0f2,0,2,baseline,10,0.5589348592815062,0.5589348592815062,134.0,uniform
mobilenetv3_small,r0f2,0,2,M1,9,0.5763764231668151,0.5589348592815062,134.0,uniform
mobilenetv3_small,r0f2,0,2,M2,9,0.6189964988510214,0.5589348592815062,134.0,uniform
mobilenetv3_small,r0f2,0,2,M3,8,0.6461259631681833,0.5589348592815062,134.0,uniform
mobilenetv3_small,r0f2,0,2,M4,5,0.6949185734900021,0.5589348592815062,134.0,uniform
mobilenetv3_small,r0f2,0,2,M5,7,0.6775186411131111,0.5589348592815062,134.0,uniform
mobilenetv3_small,r0f3,0,3,baseline,10,0.6513212770422088,0.6513212770422088,133.0,uniform
mobilenetv3_small,r0f3,0,3,M1,9,0.6816234327654741,0.6513212770422088,133.0,uniform
mobilenetv3_small,r0f3,0,3,M2,9,0.6839464920893219,0.6513212770422088,133.0,uniform
mobilenetv3_small,r0f3,0,3,M3,8,0.7221145691588844,0.6513212770422088,133.0,uniform
mobilenetv3_small,r0f3,0,3,M4,5,0.6970096074336278,0.6513212770422088,133.0,uniform
mobilenetv3_small,r0f3,0,3,M5,7,0.7703176896477418,0.6513212770422088,133.0,uniform
mobilenetv3_small,r0f4,0,4,baseline,10,0.4146267772186013,0.4146267772186013,133.0,uniform
mobilenetv3_small,r0f4,0,4,M1,9,0.45195439622767924,0.4146267772186013,133.0,uniform
mobilenetv3_small,r0f4,0,4,M2,9,0.48186600977505417,0.4146267772186013,133.0,uniform
mobilenetv3_small,r0f4,0,4,M3,8,0.5322644852298234,0.4146267772186013,133.0,uniform
mobilenetv3_small,r0f4,0,4,M4,5,0.6193451594699013,0.4146267772186013,133.0,uniform
mobilenetv3_small,r0f4,0,4,M5,7,0.6164931189867252,0.4146267772186013,133.0,uniform
mobilenetv3_small,r1f0,1,0,baseline,10,0.7123045125639339,0.7123045125639339,134.0,uniform
mobilenetv3_small,r1f0,1,0,M1,9,0.7458525478649318,0.7123045125639339,134.0,uniform
mobilenetv3_small,r1f0,1,0,M2,9,0.7238405966778623,0.7123045125639339,134.0,uniform
mobilenetv3_small,r1f0,1,0,M3,8,0.7630241469057258,0.7123045125639339,134.0,uniform
mobilenetv3_small,r1f0,1,0,M4,5,0.8116760255068052,0.7123045125639339,134.0,uniform
mobilenetv3_small,r1f0,1,0,M5,7,0.8183853062142535,0.7123045125639339,134.0,uniform
mobilenetv3_small,r1f1,1,1,baseline,10,0.609741819804845,0.609741819804845,134.0,uniform
mobilenetv3_small,r1f1,1,1,M1,9,0.6393084584261055,0.609741819804845,134.0,uniform
mobilenetv3_small,r1f1,1,1,M2,9,0.6173676191533334,0.609741819804845,134.0,uniform
mobilenetv3_small,r1f1,1,1,M3,8,0.6515833125208126,0.609741819804845,134.0,uniform
mobilenetv3_small,r1f1,1,1,M4,5,0.6979794015508302,0.609741819804845,134.0,uniform
mobilenetv3_small,r1f1,1,1,M5,7,0.6771433265026504,0.609741819804845,134.0,uniform
mobilenetv3_small,r1f2,1,2,baseline,10,0.5923297613359726,0.5923297613359726,134.0,uniform
mobilenetv3_small,r1f2,1,2,M1,9,0.6299317831926528,0.5923297613359726,134.0,uniform
mobilenetv3_small,r1f2,1,2,M2,9,0.6678711940616702,0.5923297613359726,134.0,uniform
mobilenetv3_small,r1f2,1,2,M3,8,0.7196161477411478,0.5923297613359726,134.0,uniform
mobilenetv3_small,r1f2,1,2,M4,5,0.7432879818594104,0.5923297613359726,134.0,uniform
mobilenetv3_small,r1f2,1,2,M5,7,0.7660929059691713,0.5923297613359726,134.0,uniform
mobilenetv3_small,r1f3,1,3,baseline,10,0.625762437608109,0.625762437608109,133.0,uniform
mobilenetv3_small,r1f3,1,3,M1,9,0.6648534173422109,0.625762437608109,133.0,uniform
mobilenetv3_small,r1f3,1,3,M2,9,0.667833104366609,0.625762437608109,133.0,uniform
mobilenetv3_small,r1f3,1,3,M3,8,0.7170692899122861,0.625762437608109,133.0,uniform
mobilenetv3_small,r1f3,1,3,M4,5,0.7272437851806683,0.625762437608109,133.0,uniform
mobilenetv3_small,r1f3,1,3,M5,7,0.7790478977939937,0.625762437608109,133.0,uniform
mobilenetv3_small,r1f4,1,4,baseline,10,0.5405993146638307,0.5405993146638307,133.0,uniform
mobilenetv3_small,r1f4,1,4,M1,9,0.6006659051820341,0.5405993146638307,133.0,uniform
mobilenetv3_small,r1f4,1,4,M2,9,0.5779338137084616,0.5405993146638307,133.0,uniform
mobilenetv3_small,r1f4,1,4,M3,8,0.6501755404220193,0.5405993146638307,133.0,uniform
mobilenetv3_small,r1f4,1,4,M4,5,0.6555709079652742,0.5405993146638307,133.0,uniform
mobilenetv3_small,r1f4,1,4,M5,7,0.6932727589870448,0.5405993146638307,133.0,uniform
mobilenetv3_small,r2f0,2,0,baseline,10,0.6168405266231353,0.6168405266231353,134.0,uniform
mobilenetv3_small,r2f0,2,0,M1,9,0.6580279355641674,0.6168405266231353,134.0,uniform
mobilenetv3_small,r2f0,2,0,M2,9,0.6533833426842804,0.6168405266231353,134.0,uniform
mobilenetv3_small,r2f0,2,0,M3,8,0.7042870297505848,0.6168405266231353,134.0,uniform
mobilenetv3_small,r2f0,2,0,M4,5,0.7461343412867154,0.6168405266231353,134.0,uniform
mobilenetv3_small,r2f0,2,0,M5,7,0.7636292872389939,0.6168405266231353,134.0,uniform
mobilenetv3_small,r2f1,2,1,baseline,10,0.5498957024440104,0.5498957024440104,134.0,uniform
mobilenetv3_small,r2f1,2,1,M1,9,0.5870673496941244,0.5498957024440104,134.0,uniform
mobilenetv3_small,r2f1,2,1,M2,9,0.5849342050225113,0.5498957024440104,134.0,uniform
mobilenetv3_small,r2f1,2,1,M3,8,0.6311321210012023,0.5498957024440104,134.0,uniform
mobilenetv3_small,r2f1,2,1,M4,5,0.6373286167073822,0.5498957024440104,134.0,uniform
mobilenetv3_small,r2f1,2,1,M5,7,0.6837401614013308,0.5498957024440104,134.0,uniform
mobilenetv3_small,r2f2,2,2,baseline,10,0.5312121212121211,0.5312121212121211,134.0,uniform
mobilenetv3_small,r2f2,2,2,M1,9,0.5687598163805806,0.5312121212121211,134.0,uniform
mobilenetv3_small,r2f2,2,2,M2,9,0.5757807964704517,0.5312121212121211,134.0,uniform
mobilenetv3_small,r2f2,2,2,M3,8,0.6235930379422598,0.5312121212121211,134.0,uniform
mobilenetv3_small,r2f2,2,2,M4,5,0.6675132262899727,0.5312121212121211,134.0,uniform
mobilenetv3_small,r2f2,2,2,M5,7,0.6886246671501794,0.5312121212121211,134.0,uniform
mobilenetv3_small,r2f3,2,3,baseline,10,0.5133798974135109,0.5133798974135109,133.0,uniform
mobilenetv3_small,r2f3,2,3,M1,9,0.5829939858042903,0.5133798974135109,133.0,uniform
mobilenetv3_small,r2f3,2,3,M2,9,0.5509209744503862,0.5133798974135109,133.0,uniform
mobilenetv3_small,r2f3,2,3,M3,8,0.6339294585196225,0.5133798974135109,133.0,uniform
mobilenetv3_small,r2f3,2,3,M4,5,0.6966233766233766,0.5133798974135109,133.0,uniform
mobilenetv3_small,r2f3,2,3,M5,7,0.6784640296090677,0.5133798974135109,133.0,uniform
mobilenetv3_small,r2f4,2,4,baseline,10,0.651815790798349,0.651815790798349,133.0,uniform
mobilenetv3_small,r2f4,2,4,M1,9,0.6743059051198587,0.651815790798349,133.0,uniform
mobilenetv3_small,r2f4,2,4,M2,9,0.6783643466783001,0.651815790798349,133.0,uniform
mobilenetv3_small,r2f4,2,4,M3,8,0.7069842947749925,0.651815790798349,133.0,uniform
mobilenetv3_small,r2f4,2,4,M4,5,0.7602279576963122,0.651815790798349,133.0,uniform
mobilenetv3_small,r2f4,2,4,M5,7,0.7495404927298616,0.651815790798349,133.0,uniform
resnet18,r0f0,0,0,baseline,10,0.6683122367050938,0.6683122367050938,134.0,uniform
resnet18,r0f0,0,0,M1,9,0.6871364232475344,0.6683122367050938,134.0,uniform
resnet18,r0f0,0,0,M2,9,0.7404717139548169,0.6683122367050938,134.0,uniform
resnet18,r0f0,0,0,M3,8,0.7706688584712778,0.6683122367050938,134.0,uniform
resnet18,r0f0,0,0,M4,5,0.767295196896715,0.6683122367050938,134.0,uniform
resnet18,r0f0,0,0,M5,7,0.8195627784913498,0.6683122367050938,134.0,uniform
resnet18,r0f1,0,1,baseline,10,0.5489831422739303,0.5489831422739303,134.0,uniform
resnet18,r0f1,0,1,M1,9,0.6065458506634978,0.5489831422739303,134.0,uniform
resnet18,r0f1,0,1,M2,9,0.6007220099339966,0.5489831422739303,134.0,uniform
resnet18,r0f1,0,1,M3,8,0.6719474153297683,0.5489831422739303,134.0,uniform
resnet18,r0f1,0,1,M4,5,0.7424242424242424,0.5489831422739303,134.0,uniform
resnet18,r0f1,0,1,M5,7,0.7294529933185395,0.5489831422739303,134.0,uniform
resnet18,r0f2,0,2,baseline,10,0.500238027578181,0.500238027578181,134.0,uniform
resnet18,r0f2,0,2,M1,9,0.5585522710795818,0.500238027578181,134.0,uniform
resnet18,r0f2,0,2,M2,9,0.5387142017621334,0.500238027578181,134.0,uniform
resnet18,r0f2,0,2,M3,8,0.6091272474742034,0.500238027578181,134.0,uniform
resnet18,r0f2,0,2,M4,5,0.6906417034202763,0.500238027578181,134.0,uniform
resnet18,r0f2,0,2,M5,7,0.6416264150587772,0.500238027578181,134.0,uniform
resnet18,r0f3,0,3,baseline,10,0.6413184593184593,0.6413184593184593,133.0,uniform
resnet18,r0f3,0,3,M1,9,0.6559194092527426,0.6413184593184593,133.0,uniform
resnet18,r0f3,0,3,M2,9,0.6917948475325524,0.6413184593184593,133.0,uniform
resnet18,r0f3,0,3,M3,8,0.7145304647353827,0.6413184593184593,133.0,uniform
resnet18,r0f3,0,3,M4,5,0.6942543288868335,0.6413184593184593,133.0,uniform
resnet18,r0f3,0,3,M5,7,0.7413544127829842,0.6413184593184593,133.0,uniform
resnet18,r0f4,0,4,baseline,10,0.5949666123350335,0.5949666123350335,133.0,uniform
resnet18,r0f4,0,4,M1,9,0.6484916264963397,0.5949666123350335,133.0,uniform
resnet18,r0f4,0,4,M2,9,0.6388517914833706,0.5949666123350335,133.0,uniform
resnet18,r0f4,0,4,M3,8,0.7045530798083822,0.5949666123350335,133.0,uniform
resnet18,r0f4,0,4,M4,5,0.7420691347370113,0.5949666123350335,133.0,uniform
resnet18,r0f4,0,4,M5,7,0.7574781108615695,0.5949666123350335,133.0,uniform
resnet18,r1f0,1,0,baseline,10,0.5798384393354767,0.5798384393354767,134.0,uniform
resnet18,r1f0,1,0,M1,9,0.6277174998503585,0.5798384393354767,134.0,uniform
resnet18,r1f0,1,0,M2,9,0.6228939648530387,0.5798384393354767,134.0,uniform
resnet18,r1f0,1,0,M3,8,0.6821398486219759,0.5798384393354767,134.0,uniform
resnet18,r1f0,1,0,M4,5,0.7648093841642228,0.5798384393354767,134.0,uniform
resnet18,r1f0,1,0,M5,7,0.7253644371459192,0.5798384393354767,134.0,uniform
resnet18,r1f1,1,1,baseline,10,0.5520696970930706,0.5520696970930706,134.0,uniform
resnet18,r1f1,1,1,M1,9,0.6051618476548617,0.5520696970930706,134.0,uniform
resnet18,r1f1,1,1,M2,9,0.5862474360941953,0.5520696970930706,134.0,uniform
resnet18,r1f1,1,1,M3,8,0.6502483228513506,0.5520696970930706,134.0,uniform
resnet18,r1f1,1,1,M4,5,0.742005680094852,0.5520696970930706,134.0,uniform
resnet18,r1f1,1,1,M5,7,0.7005998907176368,0.5520696970930706,134.0,uniform
resnet18,r1f2,1,2,baseline,10,0.6217076707214957,0.6217076707214957,134.0,uniform
resnet18,r1f2,1,2,M1,9,0.6763987426353019,0.6217076707214957,134.0,uniform
resnet18,r1f2,1,2,M2,9,0.6522273046470373,0.6217076707214957,134.0,uniform
resnet18,r1f2,1,2,M3,8,0.7175697147907618,0.6217076707214957,134.0,uniform
resnet18,r1f2,1,2,M4,5,0.731671827835313,0.6217076707214957,134.0,uniform
resnet18,r1f2,1,2,M5,7,0.757349005945162,0.6217076707214957,134.0,uniform
resnet18,r1f3,1,3,baseline,10,0.5989273739273739,0.5989273739273739,133.0,uniform
resnet18,r1f3,1,3,M1,9,0.6256021207001601,0.5989273739273739,133.0,uniform
resnet18,r1f3,1,3,M2,9,0.6625087790843711,0.5989273739273739,133.0,uniform
resnet18,r1f3,1,3,M3,8,0.7004655448483799,0.5989273739273739,133.0,uniform
resnet18,r1f3,1,3,M4,5,0.7614280791588816,0.5989273739273739,133.0,uniform
resnet18,r1f3,1,3,M5,7,0.7512823094218444,0.5989273739273739,133.0,uniform
resnet18,r1f4,1,4,baseline,10,0.6737600378176941,0.6737600378176941,133.0,uniform
resnet18,r1f4,1,4,M1,9,0.7065302337372185,0.6737600378176941,133.0,uniform
resnet18,r1f4,1,4,M2,9,0.683488164625024,0.6737600378176941,133.0,uniform
resnet18,r1f4,1,4,M3,8,0.7215706508854053,0.6737600378176941,133.0,uniform
resnet18,r1f4,1,4,M4,5,0.7620770034563138,0.6737600378176941,133.0,uniform
resnet18,r1f4,1,4,M5,7,0.7538411212731335,0.6737600378176941,133.0,uniform
resnet18,r2f0,2,0,baseline,10,0.6278094330731248,0.6278094330731248,134.0,uniform
resnet18,r2f0,2,0,M1,9,0.6616864071182869,0.6278094330731248,134.0,uniform
resnet18,r2f0,2,0,M2,9,0.6692400192400192,0.6278094330731248,134.0,uniform
resnet18,r2f0,2,0,M3,8,0.7125304383116884,0.6278094330731248,134.0,uniform
resnet18,r2f0,2,0,M4,5,0.7739492574935612,0.6278094330731248,134.0,uniform
resnet18,r2f0,2,0,M5,7,0.7602095192646373,0.6278094330731248,134.0,uniform
resnet18,r2f1,2,1,baseline,10,0.6225547996976568,0.6225547996976568,134.0,uniform
resnet18,r2f1,2,1,M1,9,0.6219027170717992,0.6225547996976568,134.0,uniform
resnet18,r2f1,2,1,M2,9,0.6805159339721552,0.6225547996976568,134.0,uniform
resnet18,r2f1,2,1,M3,8,0.6870274828023776,0.6225547996976568,134.0,uniform
resnet18,r2f1,2,1,M4,5,0.6865437788018433,0.6225547996976568,134.0,uniform
resnet18,r2f1,2,1,M5,7,0.7111336137508438,0.6225547996976568,134.0,uniform
resnet18,r2f2,2,2,baseline,10,0.6220114308349601,0.6220114308349601,134.0,uniform
resnet18,r2f2,2,2,M1,9,0.6762244424492423,0.6220114308349601,134.0,uniform
resnet18,r2f2,2,2,M2,9,0.6497441574516429,0.6220114308349601,134.0,uniform
resnet18,r2f2,2,2,M3,8,0.7142003863447954,0.6220114308349601,134.0,uniform
resnet18,r2f2,2,2,M4,5,0.7556238817866026,0.6220114308349601,134.0,uniform
resnet18,r2f2,2,2,M5,7,0.770476714635023,0.6220114308349601,134.0,uniform
resnet18,r2f3,2,3,baseline,10,0.543979965198744,0.543979965198744,133.0,uniform
resnet18,r2f3,2,3,M1,9,0.5692966051661704,0.543979965198744,133.0,uniform
resnet18,r2f3,2,3,M2,9,0.5635784956516487,0.543979965198744,133.0,uniform
resnet18,r2f3,2,3,M3,8,0.5945095319216164,0.543979965198744,133.0,uniform
resnet18,r2f3,2,3,M4,5,0.727988107847443,0.543979965198744,133.0,uniform
resnet18,r2f3,2,3,M5,7,0.6346270461585924,0.543979965198744,133.0,uniform
resnet18,r2f4,2,4,baseline,10,0.6333578010997365,0.6333578010997365,133.0,uniform
resnet18,r2f4,2,4,M1,9,0.6624221868666313,0.6333578010997365,133.0,uniform
resnet18,r2f4,2,4,M2,9,0.6686741435786621,0.6333578010997365,133.0,uniform
resnet18,r2f4,2,4,M3,8,0.7057861203762843,0.6333578010997365,133.0,uniform
resnet18,r2f4,2,4,M4,5,0.7375498358414666,0.6333578010997365,133.0,uniform
resnet18,r2f4,2,4,M5,7,0.7602527879838805,0.6333578010997365,133.0,uniform
