# All 45 single-pair merges, ranked by mean macro-F1 gain, per arm.
#
# THIS IS THE CONTROL for taxonomy_merge.csv. Merging any two of ten classes
# raises macro-F1 for free. The hypothesis is that the proposed pairs are not
# merely above zero but above the REST OF THIS DISTRIBUTION.
#
# `hypothesised` names the scenario a pair belongs to, and is blank for the
# other 43.
#
# built from 75 registry record(s)
# arms: mobilenetv3_small, resnet18, yolo26m, yolo26n, yolo26s
# scripts: 03_run_cv
# corpus: f04c12c0922c6597eb139af66ef91e9f8df56b6e
# registry sha1: f54363b409c11652
# generated: 2026-09-24T08:57:27+00:00
arm,class_a,class_b,n_folds,macro_f1_mean,macro_f1_sd,gain_mean,hypothesised,within_family,rank_in_arm,protocol
mobilenetv3_small,pump_leakage,vibration,15,0.630322,0.06756,0.040317,,True,1,uniform
mobilenetv3_small,natural_flowing,pump_leakage,15,0.629284,0.065293,0.039279,M2,True,2,uniform
mobilenetv3_small,severe_vibration,vibration,15,0.626343,0.069399,0.036337,M1,True,3,uniform
mobilenetv3_small,pump_leakage,severe_vibration,15,0.624802,0.072975,0.034797,,True,4,uniform
mobilenetv3_small,natural_flowing,severe_vibration,15,0.62008,0.075014,0.030075,,True,5,uniform
mobilenetv3_small,natural_flowing,vibration,15,0.619827,0.067194,0.029822,,True,6,uniform
mobilenetv3_small,gas_influence,gas_influence_and_vibration,15,0.618727,0.065551,0.028721,,False,7,uniform
mobilenetv3_small,gas_influence_and_vibration,vibration,15,0.617145,0.068633,0.02714,,False,8,uniform
mobilenetv3_small,gas_influence,vibration,15,0.611297,0.068808,0.021291,,False,9,uniform
mobilenetv3_small,full_load_production,vibration,15,0.611187,0.070092,0.021182,,False,10,uniform
mobilenetv3_small,insufficient_liquid_supply_and_vibration,vibration,15,0.609362,0.069676,0.019357,,False,11,uniform
mobilenetv3_small,collide_pump_and_vibration,vibration,15,0.604435,0.070011,0.014429,,False,12,uniform
mobilenetv3_small,gas_influence,pump_leakage,15,0.603398,0.073784,0.013392,,False,13,uniform
mobilenetv3_small,full_load_production,pump_leakage,15,0.601855,0.078939,0.01185,,False,14,uniform
mobilenetv3_small,gas_influence_and_vibration,pump_leakage,15,0.600819,0.077452,0.010814,,False,15,uniform
mobilenetv3_small,gas_influence,natural_flowing,15,0.599442,0.070475,0.009437,,False,16,uniform
mobilenetv3_small,gas_influence,severe_vibration,15,0.597966,0.072286,0.007961,,False,17,uniform
mobilenetv3_small,severe_insufficient_liquid_supply,vibration,15,0.597002,0.070635,0.006996,,False,18,uniform
mobilenetv3_small,full_load_production,gas_influence,15,0.595684,0.075548,0.005679,,False,19,uniform
mobilenetv3_small,insufficient_liquid_supply_and_vibration,pump_leakage,15,0.595382,0.078331,0.005377,,False,20,uniform
mobilenetv3_small,collide_pump_and_vibration,severe_vibration,15,0.595305,0.076709,0.0053,,False,21,uniform
mobilenetv3_small,gas_influence_and_vibration,natural_flowing,15,0.593914,0.070129,0.003909,,False,22,uniform
mobilenetv3_small,gas_influence,insufficient_liquid_supply_and_vibration,15,0.593099,0.072273,0.003094,,False,23,uniform
mobilenetv3_small,collide_pump_and_vibration,pump_leakage,15,0.592455,0.077805,0.00245,,False,24,uniform
mobilenetv3_small,gas_influence_and_vibration,severe_vibration,15,0.591321,0.073988,0.001315,,False,25,uniform
mobilenetv3_small,collide_pump_and_vibration,gas_influence,15,0.590895,0.073795,0.00089,,False,26,uniform
mobilenetv3_small,collide_pump_and_vibration,natural_flowing,15,0.590643,0.071205,0.000638,,False,27,uniform
mobilenetv3_small,gas_influence_and_vibration,insufficient_liquid_supply_and_vibration,15,0.590413,0.07427,0.000407,,False,28,uniform
mobilenetv3_small,insufficient_liquid_supply_and_vibration,natural_flowing,15,0.587558,0.07213,-0.002448,,False,29,uniform
mobilenetv3_small,full_load_production,natural_flowing,15,0.587312,0.072636,-0.002694,,False,30,uniform
mobilenetv3_small,gas_influence,severe_insufficient_liquid_supply,15,0.586209,0.076991,-0.003796,,False,31,uniform
mobilenetv3_small,collide_pump_and_vibration,gas_influence_and_vibration,15,0.583842,0.076471,-0.006163,,False,32,uniform
mobilenetv3_small,full_load_production,gas_influence_and_vibration,15,0.583716,0.074259,-0.006289,,False,33,uniform
mobilenetv3_small,collide_pump_and_vibration,insufficient_liquid_supply_and_vibration,15,0.583223,0.071755,-0.006782,,False,34,uniform
mobilenetv3_small,full_load_production,severe_vibration,15,0.582796,0.076134,-0.00721,,False,35,uniform
mobilenetv3_small,insufficient_liquid_supply_and_vibration,severe_vibration,15,0.58278,0.076205,-0.007226,,False,36,uniform
mobilenetv3_small,pump_leakage,severe_insufficient_liquid_supply,15,0.58162,0.082726,-0.008386,,False,37,uniform
mobilenetv3_small,collide_pump_and_vibration,full_load_production,15,0.579376,0.07661,-0.010629,,False,38,uniform
mobilenetv3_small,natural_flowing,severe_insufficient_liquid_supply,15,0.576143,0.07519,-0.013862,,False,39,uniform
mobilenetv3_small,full_load_production,insufficient_liquid_supply_and_vibration,15,0.573849,0.076882,-0.016156,,False,40,uniform
mobilenetv3_small,collide_pump_and_vibration,severe_insufficient_liquid_supply,15,0.572608,0.079175,-0.017398,,False,41,uniform
mobilenetv3_small,gas_influence_and_vibration,severe_insufficient_liquid_supply,15,0.570268,0.079247,-0.019738,,False,42,uniform
mobilenetv3_small,severe_insufficient_liquid_supply,severe_vibration,15,0.569707,0.079573,-0.020298,,False,43,uniform
mobilenetv3_small,insufficient_liquid_supply_and_vibration,severe_insufficient_liquid_supply,15,0.569565,0.080646,-0.020441,,False,44,uniform
mobilenetv3_small,full_load_production,severe_insufficient_liquid_supply,15,0.567379,0.080189,-0.022626,,False,45,uniform
resnet18,natural_flowing,pump_leakage,15,0.643312,0.053049,0.041323,M2,True,1,uniform
resnet18,pump_leakage,vibration,15,0.641214,0.046087,0.039225,,True,2,uniform
resnet18,severe_vibration,vibration,15,0.639306,0.04245,0.037317,M1,True,3,uniform
resnet18,natural_flowing,vibration,15,0.63484,0.045478,0.032851,,True,4,uniform
resnet18,natural_flowing,severe_vibration,15,0.634751,0.049204,0.032762,,True,5,uniform
resnet18,pump_leakage,severe_vibration,15,0.628523,0.050767,0.026534,,True,6,uniform
resnet18,gas_influence_and_vibration,vibration,15,0.627835,0.044424,0.025846,,False,7,uniform
resnet18,insufficient_liquid_supply_and_vibration,vibration,15,0.623178,0.045343,0.021189,,False,8,uniform
resnet18,full_load_production,vibration,15,0.62183,0.048983,0.019841,,False,9,uniform
resnet18,collide_pump_and_vibration,vibration,15,0.620421,0.040842,0.018432,,False,10,uniform
resnet18,gas_influence,gas_influence_and_vibration,15,0.619245,0.053177,0.017256,,False,11,uniform
resnet18,gas_influence,vibration,15,0.619151,0.047529,0.017162,,False,12,uniform
resnet18,collide_pump_and_vibration,severe_vibration,15,0.618799,0.040705,0.01681,,False,13,uniform
resnet18,full_load_production,pump_leakage,15,0.615101,0.055174,0.013112,,False,14,uniform
resnet18,collide_pump_and_vibration,pump_leakage,15,0.611944,0.044088,0.009955,,False,15,uniform
resnet18,gas_influence_and_vibration,pump_leakage,15,0.611053,0.050916,0.009064,,False,16,uniform
resnet18,gas_influence,pump_leakage,15,0.610082,0.053837,0.008093,,False,17,uniform
resnet18,collide_pump_and_vibration,natural_flowing,15,0.609954,0.043532,0.007965,,False,18,uniform
resnet18,insufficient_liquid_supply_and_vibration,pump_leakage,15,0.607377,0.05132,0.005388,,False,19,uniform
resnet18,severe_insufficient_liquid_supply,vibration,15,0.607238,0.046577,0.005249,,False,20,uniform
resnet18,gas_influence,natural_flowing,15,0.60664,0.05374,0.004651,,False,21,uniform
resnet18,collide_pump_and_vibration,gas_influence,15,0.605016,0.047388,0.003027,,False,22,uniform
resnet18,full_load_production,gas_influence,15,0.604354,0.054269,0.002365,,False,23,uniform
resnet18,gas_influence,severe_vibration,15,0.603991,0.053183,0.002002,,False,24,uniform
resnet18,gas_influence_and_vibration,natural_flowing,15,0.603859,0.049818,0.00187,,False,25,uniform
resnet18,collide_pump_and_vibration,insufficient_liquid_supply_and_vibration,15,0.602393,0.044026,0.000404,,False,26,uniform
resnet18,collide_pump_and_vibration,gas_influence_and_vibration,15,0.601465,0.043368,-0.000524,,False,27,uniform
resnet18,gas_influence,insufficient_liquid_supply_and_vibration,15,0.601055,0.053558,-0.000934,,False,28,uniform
resnet18,full_load_production,natural_flowing,15,0.600908,0.052643,-0.001081,,False,29,uniform
resnet18,insufficient_liquid_supply_and_vibration,natural_flowing,15,0.600336,0.051297,-0.001653,,False,30,uniform
resnet18,gas_influence_and_vibration,insufficient_liquid_supply_and_vibration,15,0.600217,0.044995,-0.001772,,False,31,uniform
resnet18,collide_pump_and_vibration,full_load_production,15,0.598524,0.045774,-0.003465,,False,32,uniform
resnet18,gas_influence_and_vibration,severe_vibration,15,0.598344,0.047806,-0.003645,,False,33,uniform
resnet18,insufficient_liquid_supply_and_vibration,severe_vibration,15,0.594114,0.048049,-0.007875,,False,34,uniform
resnet18,full_load_production,severe_vibration,15,0.593936,0.052068,-0.008053,,False,35,uniform
resnet18,pump_leakage,severe_insufficient_liquid_supply,15,0.593778,0.052406,-0.008211,,False,36,uniform
resnet18,full_load_production,gas_influence_and_vibration,15,0.593415,0.051741,-0.008574,,False,37,uniform
resnet18,gas_influence,severe_insufficient_liquid_supply,15,0.591096,0.054508,-0.010893,,False,38,uniform
resnet18,collide_pump_and_vibration,severe_insufficient_liquid_supply,15,0.591074,0.045611,-0.010915,,False,39,uniform
resnet18,natural_flowing,severe_insufficient_liquid_supply,15,0.587187,0.052317,-0.014802,,False,40,uniform
resnet18,full_load_production,insufficient_liquid_supply_and_vibration,15,0.585939,0.052302,-0.01605,,False,41,uniform
resnet18,severe_insufficient_liquid_supply,severe_vibration,15,0.580792,0.052181,-0.021197,,False,42,uniform
resnet18,insufficient_liquid_supply_and_vibration,severe_insufficient_liquid_supply,15,0.580557,0.052012,-0.021432,,False,43,uniform
resnet18,gas_influence_and_vibration,severe_insufficient_liquid_supply,15,0.58053,0.051762,-0.021459,,False,44,uniform
resnet18,full_load_production,severe_insufficient_liquid_supply,15,0.578825,0.053803,-0.023164,,False,45,uniform
yolo26m,natural_flowing,pump_leakage,15,0.564123,0.065046,0.034061,M2,True,1,uniform
yolo26m,natural_flowing,severe_vibration,15,0.561757,0.067463,0.031695,,True,2,uniform
yolo26m,pump_leakage,vibration,15,0.561135,0.052943,0.031073,,True,3,uniform
yolo26m,pump_leakage,severe_vibration,15,0.557123,0.057136,0.027061,,True,4,uniform
yolo26m,natural_flowing,vibration,15,0.556666,0.056171,0.026604,,True,5,uniform
yolo26m,severe_vibration,vibration,15,0.556605,0.056321,0.026543,M1,True,6,uniform
yolo26m,full_load_production,vibration,15,0.555724,0.059026,0.025662,,False,7,uniform
yolo26m,gas_influence_and_vibration,vibration,15,0.554333,0.054737,0.024271,,False,8,uniform
yolo26m,full_load_production,pump_leakage,15,0.549073,0.063294,0.019011,,False,9,uniform
yolo26m,gas_influence_and_vibration,pump_leakage,15,0.547809,0.062918,0.017747,,False,10,uniform
yolo26m,full_load_production,gas_influence,15,0.546863,0.056811,0.016801,,False,11,uniform
yolo26m,collide_pump_and_vibration,severe_vibration,15,0.545101,0.070073,0.015039,,False,12,uniform
yolo26m,insufficient_liquid_supply_and_vibration,vibration,15,0.544898,0.056388,0.014836,,False,13,uniform
yolo26m,gas_influence,gas_influence_and_vibration,15,0.543727,0.05326,0.013665,,False,14,uniform
yolo26m,collide_pump_and_vibration,vibration,15,0.543367,0.059052,0.013305,,False,15,uniform
yolo26m,gas_influence,vibration,15,0.540624,0.053172,0.010562,,False,16,uniform
yolo26m,gas_influence_and_vibration,insufficient_liquid_supply_and_vibration,15,0.539114,0.061286,0.009052,,False,17,uniform
yolo26m,full_load_production,gas_influence_and_vibration,15,0.538923,0.065157,0.008861,,False,18,uniform
yolo26m,gas_influence_and_vibration,natural_flowing,15,0.537566,0.066773,0.007504,,False,19,uniform
yolo26m,full_load_production,natural_flowing,15,0.536602,0.065363,0.00654,,False,20,uniform
yolo26m,full_load_production,severe_vibration,15,0.535836,0.064403,0.005774,,False,21,uniform
yolo26m,gas_influence_and_vibration,severe_vibration,15,0.535764,0.063618,0.005702,,False,22,uniform
yolo26m,collide_pump_and_vibration,pump_leakage,15,0.53539,0.065186,0.005328,,False,23,uniform
yolo26m,gas_influence,pump_leakage,15,0.534812,0.055886,0.00475,,False,24,uniform
yolo26m,insufficient_liquid_supply_and_vibration,pump_leakage,15,0.534325,0.060399,0.004263,,False,25,uniform
yolo26m,collide_pump_and_vibration,natural_flowing,15,0.533844,0.067801,0.003782,,False,26,uniform
yolo26m,gas_influence,natural_flowing,15,0.530371,0.057566,0.000309,,False,27,uniform
yolo26m,collide_pump_and_vibration,gas_influence_and_vibration,15,0.530213,0.066789,0.000151,,False,28,uniform
yolo26m,collide_pump_and_vibration,full_load_production,15,0.529615,0.06616,-0.000447,,False,29,uniform
yolo26m,collide_pump_and_vibration,insufficient_liquid_supply_and_vibration,15,0.529181,0.064566,-0.000881,,False,30,uniform
yolo26m,gas_influence,severe_vibration,15,0.529072,0.055954,-0.00099,,False,31,uniform
yolo26m,severe_insufficient_liquid_supply,vibration,15,0.528002,0.056598,-0.00206,,False,32,uniform
yolo26m,collide_pump_and_vibration,gas_influence,15,0.5272,0.06015,-0.002862,,False,33,uniform
yolo26m,full_load_production,insufficient_liquid_supply_and_vibration,15,0.526653,0.063649,-0.003409,,False,34,uniform
yolo26m,insufficient_liquid_supply_and_vibration,natural_flowing,15,0.526492,0.064949,-0.00357,,False,35,uniform
yolo26m,insufficient_liquid_supply_and_vibration,severe_vibration,15,0.525928,0.064148,-0.004134,,False,36,uniform
yolo26m,gas_influence,insufficient_liquid_supply_and_vibration,15,0.524589,0.056314,-0.005473,,False,37,uniform
yolo26m,pump_leakage,severe_insufficient_liquid_supply,15,0.519298,0.061629,-0.010764,,False,38,uniform
yolo26m,gas_influence,severe_insufficient_liquid_supply,15,0.515595,0.057813,-0.014467,,False,39,uniform
yolo26m,full_load_production,severe_insufficient_liquid_supply,15,0.515301,0.064063,-0.014761,,False,40,uniform
yolo26m,gas_influence_and_vibration,severe_insufficient_liquid_supply,15,0.514412,0.065292,-0.01565,,False,41,uniform
yolo26m,collide_pump_and_vibration,severe_insufficient_liquid_supply,15,0.513602,0.065078,-0.01646,,False,42,uniform
yolo26m,natural_flowing,severe_insufficient_liquid_supply,15,0.512031,0.064897,-0.018031,,False,43,uniform
yolo26m,insufficient_liquid_supply_and_vibration,severe_insufficient_liquid_supply,15,0.51123,0.060413,-0.018832,,False,44,uniform
yolo26m,severe_insufficient_liquid_supply,severe_vibration,15,0.510235,0.062561,-0.019827,,False,45,uniform
yolo26n,pump_leakage,vibration,15,0.561625,0.051796,0.03855,,True,1,uniform
yolo26n,pump_leakage,severe_vibration,15,0.553768,0.048272,0.030693,,True,2,uniform
yolo26n,gas_influence,gas_influence_and_vibration,15,0.552238,0.050961,0.029163,,False,3,uniform
yolo26n,natural_flowing,pump_leakage,15,0.551048,0.051698,0.027973,M2,True,4,uniform
yolo26n,natural_flowing,severe_vibration,15,0.55063,0.048773,0.027556,,True,5,uniform
yolo26n,severe_vibration,vibration,15,0.547957,0.054387,0.024882,M1,True,6,uniform
yolo26n,natural_flowing,vibration,15,0.543816,0.055041,0.020742,,True,7,uniform
yolo26n,gas_influence_and_vibration,vibration,15,0.542303,0.052877,0.019228,,False,8,uniform
yolo26n,full_load_production,pump_leakage,15,0.539855,0.047437,0.01678,,False,9,uniform
yolo26n,insufficient_liquid_supply_and_vibration,vibration,15,0.539134,0.05258,0.016059,,False,10,uniform
yolo26n,full_load_production,gas_influence,15,0.538755,0.043251,0.015681,,False,11,uniform
yolo26n,gas_influence,vibration,15,0.538068,0.050451,0.014994,,False,12,uniform
yolo26n,collide_pump_and_vibration,severe_vibration,15,0.537801,0.04836,0.014727,,False,13,uniform
yolo26n,gas_influence,pump_leakage,15,0.536305,0.04839,0.01323,,False,14,uniform
yolo26n,gas_influence_and_vibration,pump_leakage,15,0.535811,0.051265,0.012737,,False,15,uniform
yolo26n,full_load_production,vibration,15,0.535735,0.050907,0.01266,,False,16,uniform
yolo26n,gas_influence,severe_vibration,15,0.532137,0.048649,0.009063,,False,17,uniform
yolo26n,collide_pump_and_vibration,vibration,15,0.531283,0.051869,0.008208,,False,18,uniform
yolo26n,gas_influence,natural_flowing,15,0.530373,0.048418,0.007298,,False,19,uniform
yolo26n,insufficient_liquid_supply_and_vibration,pump_leakage,15,0.530089,0.050737,0.007014,,False,20,uniform
yolo26n,gas_influence_and_vibration,insufficient_liquid_supply_and_vibration,15,0.529006,0.051095,0.005931,,False,21,uniform
yolo26n,gas_influence,insufficient_liquid_supply_and_vibration,15,0.528337,0.049548,0.005262,,False,22,uniform
yolo26n,collide_pump_and_vibration,pump_leakage,15,0.527866,0.050104,0.004792,,False,23,uniform
yolo26n,gas_influence_and_vibration,severe_vibration,15,0.527388,0.051903,0.004314,,False,24,uniform
yolo26n,collide_pump_and_vibration,gas_influence,15,0.525859,0.048596,0.002784,,False,25,uniform
yolo26n,full_load_production,gas_influence_and_vibration,15,0.525136,0.054318,0.002061,,False,26,uniform
yolo26n,gas_influence_and_vibration,natural_flowing,15,0.524392,0.053935,0.001317,,False,27,uniform
yolo26n,insufficient_liquid_supply_and_vibration,severe_vibration,15,0.52388,0.052396,0.000805,,False,28,uniform
yolo26n,collide_pump_and_vibration,natural_flowing,15,0.523811,0.051765,0.000736,,False,29,uniform
yolo26n,severe_insufficient_liquid_supply,vibration,15,0.522923,0.053865,-0.000152,,False,30,uniform
yolo26n,gas_influence,severe_insufficient_liquid_supply,15,0.52259,0.051436,-0.000484,,False,31,uniform
yolo26n,full_load_production,severe_vibration,15,0.520482,0.048354,-0.002592,,False,32,uniform
yolo26n,pump_leakage,severe_insufficient_liquid_supply,15,0.520005,0.053134,-0.00307,,False,33,uniform
yolo26n,collide_pump_and_vibration,insufficient_liquid_supply_and_vibration,15,0.519648,0.050401,-0.003426,,False,34,uniform
yolo26n,collide_pump_and_vibration,gas_influence_and_vibration,15,0.519481,0.051396,-0.003594,,False,35,uniform
yolo26n,full_load_production,natural_flowing,15,0.518945,0.05032,-0.00413,,False,36,uniform
yolo26n,insufficient_liquid_supply_and_vibration,natural_flowing,15,0.517554,0.053269,-0.005521,,False,37,uniform
yolo26n,collide_pump_and_vibration,full_load_production,15,0.515948,0.048923,-0.007126,,False,38,uniform
yolo26n,insufficient_liquid_supply_and_vibration,severe_insufficient_liquid_supply,15,0.512998,0.057249,-0.010077,,False,39,uniform
yolo26n,full_load_production,insufficient_liquid_supply_and_vibration,15,0.512374,0.050576,-0.010701,,False,40,uniform
yolo26n,severe_insufficient_liquid_supply,severe_vibration,15,0.51022,0.053319,-0.012855,,False,41,uniform
yolo26n,gas_influence_and_vibration,severe_insufficient_liquid_supply,15,0.509899,0.056469,-0.013176,,False,42,uniform
yolo26n,collide_pump_and_vibration,severe_insufficient_liquid_supply,15,0.509073,0.052776,-0.014002,,False,43,uniform
yolo26n,natural_flowing,severe_insufficient_liquid_supply,15,0.507694,0.056827,-0.015381,,False,44,uniform
yolo26n,full_load_production,severe_insufficient_liquid_supply,15,0.506846,0.052244,-0.016228,,False,45,uniform
yolo26s,natural_flowing,pump_leakage,15,0.54581,0.053968,0.041923,M2,True,1,uniform
yolo26s,severe_vibration,vibration,15,0.536772,0.049768,0.032884,M1,True,2,uniform
yolo26s,gas_influence,gas_influence_and_vibration,15,0.534775,0.041922,0.030888,,False,3,uniform
yolo26s,pump_leakage,severe_vibration,15,0.533356,0.051228,0.029469,,True,4,uniform
yolo26s,pump_leakage,vibration,15,0.53253,0.051643,0.028643,,True,5,uniform
yolo26s,natural_flowing,vibration,15,0.532234,0.04936,0.028347,,True,6,uniform
yolo26s,natural_flowing,severe_vibration,15,0.531819,0.053344,0.027931,,True,7,uniform
yolo26s,gas_influence,vibration,15,0.525477,0.049152,0.02159,,False,8,uniform
yolo26s,full_load_production,gas_influence,15,0.525342,0.047141,0.021455,,False,9,uniform
yolo26s,full_load_production,vibration,15,0.523956,0.04547,0.020069,,False,10,uniform
yolo26s,gas_influence_and_vibration,vibration,15,0.523325,0.049909,0.019438,,False,11,uniform
yolo26s,insufficient_liquid_supply_and_vibration,vibration,15,0.523129,0.050708,0.019242,,False,12,uniform
yolo26s,full_load_production,pump_leakage,15,0.522285,0.051796,0.018398,,False,13,uniform
yolo26s,gas_influence,pump_leakage,15,0.520546,0.048352,0.016659,,False,14,uniform
yolo26s,gas_influence,natural_flowing,15,0.516341,0.047617,0.012454,,False,15,uniform
yolo26s,insufficient_liquid_supply_and_vibration,pump_leakage,15,0.51514,0.051639,0.011253,,False,16,uniform
yolo26s,gas_influence_and_vibration,pump_leakage,15,0.515085,0.051233,0.011198,,False,17,uniform
yolo26s,gas_influence,severe_vibration,15,0.514666,0.04558,0.010779,,False,18,uniform
yolo26s,gas_influence,insufficient_liquid_supply_and_vibration,15,0.513928,0.0479,0.01004,,False,19,uniform
yolo26s,collide_pump_and_vibration,vibration,15,0.509953,0.048,0.006066,,False,20,uniform
yolo26s,gas_influence_and_vibration,insufficient_liquid_supply_and_vibration,15,0.509619,0.054188,0.005732,,False,21,uniform
yolo26s,severe_insufficient_liquid_supply,vibration,15,0.508802,0.053374,0.004914,,False,22,uniform
yolo26s,gas_influence_and_vibration,natural_flowing,15,0.506829,0.054436,0.002942,,False,23,uniform
yolo26s,gas_influence,severe_insufficient_liquid_supply,15,0.506436,0.047925,0.002548,,False,24,uniform
yolo26s,full_load_production,natural_flowing,15,0.506182,0.051417,0.002295,,False,25,uniform
yolo26s,full_load_production,gas_influence_and_vibration,15,0.50539,0.054325,0.001503,,False,26,uniform
yolo26s,collide_pump_and_vibration,pump_leakage,15,0.505305,0.051262,0.001417,,False,27,uniform
yolo26s,collide_pump_and_vibration,gas_influence,15,0.504046,0.046217,0.000159,,False,28,uniform
yolo26s,insufficient_liquid_supply_and_vibration,natural_flowing,15,0.502742,0.054564,-0.001146,,False,29,uniform
yolo26s,gas_influence_and_vibration,severe_vibration,15,0.502086,0.050894,-0.001801,,False,30,uniform
yolo26s,pump_leakage,severe_insufficient_liquid_supply,15,0.501831,0.052881,-0.002056,,False,31,uniform
yolo26s,full_load_production,severe_vibration,15,0.501581,0.04849,-0.002306,,False,32,uniform
yolo26s,collide_pump_and_vibration,severe_vibration,15,0.500884,0.047032,-0.003004,,False,33,uniform
yolo26s,collide_pump_and_vibration,natural_flowing,15,0.497211,0.050926,-0.006677,,False,34,uniform
yolo26s,insufficient_liquid_supply_and_vibration,severe_vibration,15,0.49653,0.048777,-0.007357,,False,35,uniform
yolo26s,full_load_production,insufficient_liquid_supply_and_vibration,15,0.496015,0.051188,-0.007872,,False,36,uniform
yolo26s,collide_pump_and_vibration,insufficient_liquid_supply_and_vibration,15,0.494398,0.049916,-0.009489,,False,37,uniform
yolo26s,natural_flowing,severe_insufficient_liquid_supply,15,0.493946,0.056039,-0.009941,,False,38,uniform
yolo26s,collide_pump_and_vibration,full_load_production,15,0.49372,0.046235,-0.010167,,False,39,uniform
yolo26s,insufficient_liquid_supply_and_vibration,severe_insufficient_liquid_supply,15,0.493442,0.053694,-0.010445,,False,40,uniform
yolo26s,collide_pump_and_vibration,gas_influence_and_vibration,15,0.492499,0.048544,-0.011388,,False,41,uniform
yolo26s,full_load_production,severe_insufficient_liquid_supply,15,0.490928,0.049812,-0.012959,,False,42,uniform
yolo26s,gas_influence_and_vibration,severe_insufficient_liquid_supply,15,0.488839,0.052813,-0.015048,,False,43,uniform
yolo26s,severe_insufficient_liquid_supply,severe_vibration,15,0.487564,0.050354,-0.016323,,False,44,uniform
yolo26s,collide_pump_and_vibration,severe_insufficient_liquid_supply,15,0.486701,0.049456,-0.017187,,False,45,uniform
