# Recipe comparison, repeat 0. THERE IS NO OPTIMIZER AXIS.
#
# This table used to be a 2x2 crossing architecture against optimizer, on the
# belief that the YOLO arms trained with MuSGD and the baselines with SGD --
# which is what configs/arms.yaml said. It was wrong: ultralytics' MuSGD takes
# use_muon=False and was built from a flat parameter list, so it is bitwise
# torch.optim.SGD. EVERY run in the registry trained with SGD.
#
# PREPROCESSING IS NOT CONSTANT ACROSS ROWS, and the column says so. The
# native row is 'their recipe end to end' -- their preprocessing,
# augmentation, schedule, optimizer and checkpoint criterion -- not one
# variable changed. Evaluating a natively trained model through our letterbox
# would show it a transform it never trained on and manufacture the result.
#
# THE CONCLUSION THIS TABLE SUPPORTS, AND THE ONLY ONE: under a common recipe
# the architecture gap favours mobilenetv3_small, AND yolo26n recovers most of
# that gap when given its own recipe. State both. Either alone misrepresents
# it.
#
# WHICH NATIVE CAPTURE: the capture_version column says so, and the `reported`
# column says which rows the conclusion uses. Two captures of the native run
# exist -- v1 recorded no recipe, v2 does -- and they DIFFER. v2 is reported
# because it is the only one that can be described in a methods section; v1 is
# carried beside it as a between-session replicate, marked not reported.
# Neither supersedes the other.
#
# THE NATIVE ROW DIFFERS FROM THE UNIFORM ROWS ON FIVE AXES AT ONCE:
# preprocessing, augmentation, optimizer (their `auto` resolves to AdamW, not
# SGD), schedule, and checkpoint criterion (top-1 accuracy, not macro-F1). Its
# difference is NOT an augmentation effect and must not be reported as one.
# Which axis carries it is not measured here and would need one run per axis.
#
# Intervals carry the Nadeau-Bengio correction; these are overlapping folds.
#
# built from 264 registry record(s)
# arms: mobilenetv3_small, resnet18, yolo26m, yolo26n, yolo26n_ep50, yolo26s
# scripts: 01_complete_medium_grid, 01b_uniform_grid, 02_lr_sweep_baselines, 03_run_cv, 03b_contrast, 03c_native_recipe, 04_run_ablation, 05_learning_curve
# corpus: ['56fdb6c4a723a4a72a5c69fe1d12da738e5983c2', 'f04c12c0922c6597eb139af66ef91e9f8df56b6e']
# registry sha1: f54363b409c11652
# generated: 2026-09-28T03:24:28+00:00
row,arm,script,protocol,preprocessing,optimizer,selection,capture,reported,repeat,capture_version,epochs,n_folds,f1_macro_mean,f1_macro_sd,fold0,fold1,fold2,fold3,fold4,vs_reference_mean,vs_reference_ci_low,vs_reference_ci_high,vs_reference_excludes_zero
yolo26n / uniform,yolo26n,03_run_cv,uniform,letterbox_224,SGD,"validation macro-F1, tie-break validation loss",,True,0,,25.0,5,0.523277,0.074796,0.572968,0.391518,0.545736,0.56464,0.541523,,,,
mobilenetv3_small / uniform,mobilenetv3_small,03_run_cv,uniform,letterbox_224,SGD,"validation macro-F1, tie-break validation loss",,True,0,,50.0,5,0.58124,0.102638,0.671546,0.60977,0.558935,0.651321,0.414627,0.057963,-0.178258,0.294183,False
yolo26n / native recipe (v2),yolo26n,03c_native_recipe,native,ultralytics_default,theirs,ultralytics fitness (top-1/top-5 accuracy),2.0,True,0,2.0,,0,,,,,,,,,,,
"yolo26n / native recipe (v1, replicate)",yolo26n,03c_native_recipe,native,ultralytics_default,theirs,ultralytics fitness (top-1/top-5 accuracy),1.0,False,0,1.0,25.0,5,0.578656,0.053521,0.635422,0.493089,0.607743,0.572695,0.584331,0.055379,-0.007955,0.118713,False
